OEM,MODEL,BODY TYPE,PRICE IN LAKHS,YEAR,MONTH,SALE,SALE OUT OF
Datsun,Go,Hatchback,4.03,2020,1,88,1163
Datsun,Go Plus,MUV,4.26,2020,1,55,1163
Datsun,RediGo,Hatchback,3.98,2020,1,1020,1163
Honda,Amaze,Sedan,6.39,2020,1,3160,5239
Honda,City,Sedan,11.23,2020,1,1734,5239
Honda,Civic,Sedan,17.95,2020,1,146,5239
Honda,CRV,MUV,20,2020,1,37,5239
Honda,Jazz,Hatchback,7.72,2020,1,46,5239
Honda,WRV,SUV,8.83,2020,1,116,5239
Hyundai,Creta,SUV,10.22,2020,1,6900,42002
Hyundai,Elantra,Sedan,17.86,2020,1,63,42002
Hyundai,Elite i20,Hatchback,5.57,2020,1,8137,42002
Hyundai,Grand i10,Hatchback,5,2020,1,8774,42002
Hyundai,Kona,Electric,23,2020,1,39,42002
Hyundai,Santro,Hatchback,3.13,2020,1,3671,42002
Hyundai,Tucson,SUV,23,2020,1,37,42002
Hyundai,Venue,SUV,7,2020,1,6733,42002
Hyundai,Verna,Sedan,8,2020,1,957,42002
Hyundai,"Xcent, Aura",Sedan,6,2020,1,6691,42002
Jeep,Compass,SUV,17.79,2020,1,701,701
Jeep,Wrangler,SUV,56.33,2020,1,,701
Kia,Carnival,Van,25.48,2020,1,450,15450
Kia,Seltos,SUV,9.95,2020,1,15000,15450
Mahindra,Alturas G4,SUV,28.85,2020,1,68,19407
Mahindra,Bolero,SUV,8.99,2020,1,7233,19407
Mahindra,KUV100,SUV,6.19,2020,1,59,19407
Mahindra,Marazzo,SUV,12.79,2020,1,1267,19407
Mahindra,Scorpio,SUV,13.18,2020,1,5316,19407
Mahindra,Thar,SUV,13.17,2020,1,,19407
Mahindra,TUV300,SUV,15,2020,1,649,19407
Mahindra,"Verito, Vibe",Sedan,10,2020,1,,19407
Mahindra,XUV300,SUV,8.16,2020,1,3360,19407
Mahindra,XUV500,SUV,13,2020,1,1455,19407
Maruti Suzuki,Alto,Hatchback,3.25,2020,1,18914,139843
Maruti Suzuki,Baleno,Hatchback,6.03,2020,1,20485,139843
Maruti Suzuki,Celerio,Hatchback,5.14,2020,1,6236,139843
Maruti Suzuki,Ciaz,Sedan,8.67,2020,1,835,139843
Maruti Suzuki,Dzire,Sedan,6.09,2020,1,22406,139843
Maruti Suzuki,Eeco,Van,4.53,2020,1,12324,139843
Maruti Suzuki,Ertiga,MUV,8.11,2020,1,4997,139843
Maruti Suzuki,Gypsy,SUV,6.5,2020,1,,139843
Maruti Suzuki,Ignis,Hatchback,5.08,2020,1,,139843
Maruti Suzuki,S-Cross,SUV,8.6,2020,1,558,139843
Maruti Suzuki,S-Presso,SUV,3.85,2020,1,6971,139843
Maruti Suzuki,Swift,Hatchback,5.9,2020,1,19981,139843
Maruti Suzuki,Vitara Brezza,SUV,7.68,2020,1,10134,139843
Maruti Suzuki,WagonR,Hatchback,5.16,2020,1,15232,139843
Maruti Suzuki,XL6,MUV,10.01,2020,1,770,139843
MG,Hector,SUV,13.95,2020,1,3130,3130
MG,ZS EV,SUV,21.49,2020,1,,3130
Nissan,Kicks,SUV,9.5,2020,1,172,172
Renault,Captur,SUV,9.5,2020,1,,7805
Renault,Duster,SUV,9.85,2020,1,405,7805
Renault,Kwid,Hatchback,4.24,2020,1,3281,7805
Renault,Triber,MUV,5.67,2020,1,4119,7805
Skoda,Kodiaq,SUV,34.99,2020,1,189,1347
Skoda,Octavia,Sedan,26.29,2020,1,207,1347
Skoda,Rapid,Sedan,11.99,2020,1,815,1347
Skoda,Superb,Sedan,32.85,2020,1,136,1347
Tata,Altroz,Hatchback,5.99,2020,1,4505,13856
Tata,Harrier,SUV,14.49,2020,1,719,13856
Tata,Hexa,MUV,13.69,2020,1,46,13856
Tata,Nexon,SUV,7.39,2020,1,3382,13856
Tata,Tiago,Hatchback,5.19,2020,1,4313,13856
Tata,Tigor,Hatchback,5.79,2020,1,891,13856
Toyota,Camry,Sedan,41.7,2020,1,85,5804
Toyota,Fortuner,MUV,31.38,2020,1,228,5804
Toyota,Glanza,Hatchback,7.69,2020,1,2191,5804
Toyota,Innova,MUV,17.3,2020,1,2575,5804
Toyota,Vellfire,Van,89.85,2020,1,,5804
Toyota,Yaris,Sedan,9.29,2020,1,725,5804
Volkswagen,Polo,Hatchback,6.49,2020,1,632,968
Volkswagen,Tiguan,SUV,11,2020,1,86,968
Volkswagen,T-Roc,SUV,21.35,2020,1,,968
Volkswagen,Vento,Sedan,10,2020,1,250,968
Datsun,Go,Hatchback,4.03,2020,2,98,671
Datsun,Go Plus,MUV,4.26,2020,2,60,671
Datsun,RediGo,Hatchback,3.98,2020,2,513,671
Honda,Amaze,Sedan,6.39,2020,2,5814,7269
Honda,City,Sedan,11.23,2020,2,1256,7269
Honda,Civic,Sedan,17.95,2020,2,174,7269
Honda,CRV,MUV,20,2020,2,25,7269
Honda,Jazz,Hatchback,7.72,2020,2,,7269
Honda,WRV,SUV,8.83,2020,2,,7269
Hyundai,Creta,SUV,10.22,2020,2,700,40010
Hyundai,Elantra,Sedan,17.86,2020,2,46,40010
Hyundai,Elite i20,Hatchback,5.57,2020,2,8766,40010
Hyundai,Grand i10,Hatchback,5,2020,2,10407,40010
Hyundai,Kona,Electric,23,2020,2,32,40010
Hyundai,Santro,Hatchback,3.13,2020,2,4200,40010
Hyundai,Tucson,SUV,23,2020,2,,40010
Hyundai,Venue,SUV,7,2020,2,10321,40010
Hyundai,Verna,Sedan,8,2020,2,570,40010
Hyundai,"Xcent, Aura",Sedan,6,2020,2,4968,40010
Jeep,Compass,SUV,17.79,2020,2,666,666
Jeep,Wrangler,SUV,56.33,2020,2,,666
Kia,Carnival,Van,25.48,2020,2,1620,15644
Kia,Seltos,SUV,9.95,2020,2,14024,15644
Mahindra,Alturas G4,SUV,28.85,2020,2,38,10673
Mahindra,Bolero,SUV,8.99,2020,2,4067,10673
Mahindra,KUV100,SUV,6.19,2020,2,108,10673
Mahindra,Marazzo,SUV,12.79,2020,2,1236,10673
Mahindra,Scorpio,SUV,13.18,2020,2,1505,10673
Mahindra,Thar,SUV,13.17,2020,2,,10673
Mahindra,TUV300,SUV,15,2020,2,944,10673
Mahindra,"Verito, Vibe",Sedan,10,2020,2,,10673
Mahindra,XUV300,SUV,8.16,2020,2,2431,10673
Mahindra,XUV500,SUV,13,2020,2,344,10673
Maruti Suzuki,Alto,Hatchback,3.25,2020,2,17921,133632
Maruti Suzuki,Baleno,Hatchback,6.03,2020,2,16585,133632
Maruti Suzuki,Celerio,Hatchback,5.14,2020,2,6104,133632
Maruti Suzuki,Ciaz,Sedan,8.67,2020,2,2544,133632
Maruti Suzuki,Dzire,Sedan,6.09,2020,2,7296,133632
Maruti Suzuki,Eeco,Van,4.53,2020,2,11227,133632
Maruti Suzuki,Ertiga,MUV,8.11,2020,2,11782,133632
Maruti Suzuki,Gypsy,SUV,6.5,2020,2,,133632
Maruti Suzuki,Ignis,Hatchback,5.08,2020,2,2912,133632
Maruti Suzuki,S-Cross,SUV,8.6,2020,2,,133632
Maruti Suzuki,S-Presso,SUV,3.85,2020,2,9578,133632
Maruti Suzuki,Swift,Hatchback,5.9,2020,2,18696,133632
Maruti Suzuki,Vitara Brezza,SUV,7.68,2020,2,6866,133632
Maruti Suzuki,WagonR,Hatchback,5.16,2020,2,18235,133632
Maruti Suzuki,XL6,MUV,10.01,2020,2,3886,133632
MG,Hector,SUV,13.95,2020,2,1218,1376
MG,ZS EV,SUV,21.49,2020,2,158,1376
Nissan,Kicks,SUV,9.5,2020,2,267,267
Renault,Captur,SUV,9.5,2020,2,,8784
Renault,Duster,SUV,9.85,2020,2,642,8784
Renault,Kwid,Hatchback,4.24,2020,2,4187,8784
Renault,Triber,MUV,5.67,2020,2,3955,8784
Skoda,Kodiaq,SUV,34.99,2020,2,176,1259
Skoda,Octavia,Sedan,26.29,2020,2,226,1259
Skoda,Rapid,Sedan,11.99,2020,2,680,1259
Skoda,Superb,Sedan,32.85,2020,2,177,1259
Tata,Altroz,Hatchback,5.99,2020,2,2806,12196
Tata,Harrier,SUV,14.49,2020,2,641,12196
Tata,Hexa,MUV,13.69,2020,2,152,12196
Tata,Nexon,SUV,7.39,2020,2,3894,12196
Tata,Tiago,Hatchback,5.19,2020,2,3921,12196
Tata,Tigor,Hatchback,5.79,2020,2,782,12196
Toyota,Camry,Sedan,41.7,2020,2,89,10352
Toyota,Fortuner,MUV,31.38,2020,2,1510,10352
Toyota,Glanza,Hatchback,7.69,2020,2,2710,10352
Toyota,Innova,MUV,17.3,2020,2,5459,10352
Toyota,Vellfire,Van,89.85,2020,2,42,10352
Toyota,Yaris,Sedan,9.29,2020,2,542,10352
Volkswagen,Polo,Hatchback,6.49,2020,2,144,314
Volkswagen,Tiguan,SUV,11,2020,2,27,314
Volkswagen,T-Roc,SUV,21.35,2020,2,,314
Volkswagen,Vento,Sedan,10,2020,2,143,314
Datsun,Go,Hatchback,4.03,2020,3,2,153
Datsun,Go Plus,MUV,4.26,2020,3,12,153
Datsun,RediGo,Hatchback,3.98,2020,3,139,153
Honda,Amaze,Sedan,6.39,2020,3,2744,3697
Honda,City,Sedan,11.23,2020,3,786,3697
Honda,Civic,Sedan,17.95,2020,3,67,3697
Honda,CRV,MUV,20,2020,3,14,3697
Honda,Jazz,Hatchback,7.72,2020,3,,3697
Honda,WRV,SUV,8.83,2020,3,86,3697
Hyundai,Creta,SUV,10.22,2020,3,6706,26300
Hyundai,Elantra,Sedan,17.86,2020,3,28,26300
Hyundai,Elite i20,Hatchback,5.57,2020,3,3455,26300
Hyundai,Grand i10,Hatchback,5,2020,3,4293,26300
Hyundai,Kona,Electric,23,2020,3,14,26300
Hyundai,Santro,Hatchback,3.13,2020,3,2169,26300
Hyundai,Tucson,SUV,23,2020,3,,26300
Hyundai,Venue,SUV,7,2020,3,6127,26300
Hyundai,Verna,Sedan,8,2020,3,893,26300
Hyundai,"Xcent, Aura",Sedan,6,2020,3,2615,26300
Jeep,Compass,SUV,17.79,2020,3,163,163
Jeep,Wrangler,SUV,56.33,2020,3,,163
Kia,Carnival,Van,25.48,2020,3,1117,8583
Kia,Seltos,SUV,9.95,2020,3,7466,8583
Mahindra,Alturas G4,SUV,28.85,2020,3,,3105
Mahindra,Bolero,SUV,8.99,2020,3,2080,3105
Mahindra,KUV100,SUV,6.19,2020,3,31,3105
Mahindra,Marazzo,SUV,12.79,2020,3,23,3105
Mahindra,Scorpio,SUV,13.18,2020,3,40,3105
Mahindra,Thar,SUV,13.17,2020,3,,3105
Mahindra,TUV300,SUV,15,2020,3,108,3105
Mahindra,"Verito, Vibe",Sedan,10,2020,3,,3105
Mahindra,XUV300,SUV,8.16,2020,3,814,3105
Mahindra,XUV500,SUV,13,2020,3,9,3105
Maruti Suzuki,Alto,Hatchback,3.25,2020,3,10829,76039
Maruti Suzuki,Baleno,Hatchback,6.03,2020,3,11406,76039
Maruti Suzuki,Celerio,Hatchback,5.14,2020,3,4010,76039
Maruti Suzuki,Ciaz,Sedan,8.67,2020,3,1863,76039
Maruti Suzuki,Dzire,Sedan,6.09,2020,3,5476,76039
Maruti Suzuki,Eeco,Van,4.53,2020,3,5966,76039
Maruti Suzuki,Ertiga,MUV,8.11,2020,3,3969,76039
Maruti Suzuki,Gypsy,SUV,6.5,2020,3,,76039
Maruti Suzuki,Ignis,Hatchback,5.08,2020,3,1901,76039
Maruti Suzuki,S-Cross,SUV,8.6,2020,3,,76039
Maruti Suzuki,S-Presso,SUV,3.85,2020,3,5159,76039
Maruti Suzuki,Swift,Hatchback,5.9,2020,3,8575,76039
Maruti Suzuki,Vitara Brezza,SUV,7.68,2020,3,5513,76039
Maruti Suzuki,WagonR,Hatchback,5.16,2020,3,9151,76039
Maruti Suzuki,XL6,MUV,10.01,2020,3,2221,76039
MG,Hector,SUV,13.95,2020,3,1402,1518
MG,ZS EV,SUV,21.49,2020,3,116,1518
Nissan,Kicks,SUV,9.5,2020,3,519,519
Renault,Captur,SUV,9.5,2020,3,,3269
Renault,Duster,SUV,9.85,2020,3,150,3269
Renault,Kwid,Hatchback,4.24,2020,3,1475,3269
Renault,Triber,MUV,5.67,2020,3,1644,3269
Skoda,Kodiaq,SUV,34.99,2020,3,59,451
Skoda,Octavia,Sedan,26.29,2020,3,89,451
Skoda,Rapid,Sedan,11.99,2020,3,180,451
Skoda,Superb,Sedan,32.85,2020,3,123,451
Tata,Altroz,Hatchback,5.99,2020,3,1147,5676
Tata,Harrier,SUV,14.49,2020,3,632,5676
Tata,Hexa,MUV,13.69,2020,3,,5676
Tata,Nexon,SUV,7.39,2020,3,2646,5676
Tata,Tiago,Hatchback,5.19,2020,3,1127,5676
Tata,Tigor,Hatchback,5.79,2020,3,124,5676
Toyota,Camry,Sedan,41.7,2020,3,60,7023
Toyota,Fortuner,MUV,31.38,2020,3,1100,7023
Toyota,Glanza,Hatchback,7.69,2020,3,1533,7023
Toyota,Innova,MUV,17.3,2020,3,3810,7023
Toyota,Vellfire,Van,89.85,2020,3,96,7023
Toyota,Yaris,Sedan,9.29,2020,3,424,7023
Volkswagen,Polo,Hatchback,6.49,2020,3,105,128
Volkswagen,Tiguan,SUV,11,2020,3,4,128
Volkswagen,T-Roc,SUV,21.35,2020,3,,128
Volkswagen,Vento,Sedan,10,2020,3,19,128
Datsun,Go,Hatchback,4.03,2020,4,,
Datsun,Go Plus,MUV,4.26,2020,4,,
Datsun,RediGo,Hatchback,3.98,2020,4,,
Honda,Amaze,Sedan,6.39,2020,4,,
Honda,City,Sedan,11.23,2020,4,,
Honda,Civic,Sedan,17.95,2020,4,,
Honda,CRV,MUV,20,2020,4,,
Honda,Jazz,Hatchback,7.72,2020,4,,
Honda,WRV,SUV,8.83,2020,4,,
Hyundai,Creta,SUV,10.22,2020,4,,
Hyundai,Elantra,Sedan,17.86,2020,4,,
Hyundai,Elite i20,Hatchback,5.57,2020,4,,
Hyundai,Grand i10,Hatchback,5,2020,4,,
Hyundai,Kona,Electric,23,2020,4,,
Hyundai,Santro,Hatchback,3.13,2020,4,,
Hyundai,Tucson,SUV,23,2020,4,,
Hyundai,Venue,SUV,7,2020,4,,
Hyundai,Verna,Sedan,8,2020,4,,
Hyundai,"Xcent, Aura",Sedan,6,2020,4,,
Jeep,Compass,SUV,17.79,2020,4,,
Jeep,Wrangler,SUV,56.33,2020,4,,
Kia,Carnival,Van,25.48,2020,4,,
Kia,Seltos,SUV,9.95,2020,4,,
Mahindra,Alturas G4,SUV,28.85,2020,4,,
Mahindra,Bolero,SUV,8.99,2020,4,,
Mahindra,KUV100,SUV,6.19,2020,4,,
Mahindra,Marazzo,SUV,12.79,2020,4,,
Mahindra,Scorpio,SUV,13.18,2020,4,,
Mahindra,Thar,SUV,13.17,2020,4,,
Mahindra,TUV300,SUV,15,2020,4,,
Mahindra,"Verito, Vibe",Sedan,10,2020,4,,
Mahindra,XUV300,SUV,8.16,2020,4,,
Mahindra,XUV500,SUV,13,2020,4,,
Maruti Suzuki,Alto,Hatchback,3.25,2020,4,,
Maruti Suzuki,Baleno,Hatchback,6.03,2020,4,,
Maruti Suzuki,Celerio,Hatchback,5.14,2020,4,,
Maruti Suzuki,Ciaz,Sedan,8.67,2020,4,,
Maruti Suzuki,Dzire,Sedan,6.09,2020,4,,
Maruti Suzuki,Eeco,Van,4.53,2020,4,,
Maruti Suzuki,Ertiga,MUV,8.11,2020,4,,
Maruti Suzuki,Gypsy,SUV,6.5,2020,4,,
Maruti Suzuki,Ignis,Hatchback,5.08,2020,4,,
Maruti Suzuki,S-Cross,SUV,8.6,2020,4,,
Maruti Suzuki,S-Presso,SUV,3.85,2020,4,,
Maruti Suzuki,Swift,Hatchback,5.9,2020,4,,
Maruti Suzuki,Vitara Brezza,SUV,7.68,2020,4,,
Maruti Suzuki,WagonR,Hatchback,5.16,2020,4,,
Maruti Suzuki,XL6,MUV,10.01,2020,4,,
MG,Hector,SUV,13.95,2020,4,,
MG,ZS EV,SUV,21.49,2020,4,,
Nissan,Kicks,SUV,9.5,2020,4,,
Renault,Captur,SUV,9.5,2020,4,,
Renault,Duster,SUV,9.85,2020,4,,
Renault,Kwid,Hatchback,4.24,2020,4,,
Renault,Triber,MUV,5.67,2020,4,,
Skoda,Kodiaq,SUV,34.99,2020,4,,
Skoda,Octavia,Sedan,26.29,2020,4,,
Skoda,Rapid,Sedan,11.99,2020,4,,
Skoda,Superb,Sedan,32.85,2020,4,,
Tata,Altroz,Hatchback,5.99,2020,4,,
Tata,Harrier,SUV,14.49,2020,4,,
Tata,Hexa,MUV,13.69,2020,4,,
Tata,Nexon,SUV,7.39,2020,4,,
Tata,Tiago,Hatchback,5.19,2020,4,,
Tata,Tigor,Hatchback,5.79,2020,4,,
Toyota,Camry,Sedan,41.7,2020,4,,
Toyota,Fortuner,MUV,31.38,2020,4,,
Toyota,Glanza,Hatchback,7.69,2020,4,,
Toyota,Innova,MUV,17.3,2020,4,,
Toyota,Vellfire,Van,89.85,2020,4,,
Toyota,Yaris,Sedan,9.29,2020,4,,
Volkswagen,Polo,Hatchback,6.49,2020,4,,
Volkswagen,Tiguan,SUV,11,2020,4,,
Volkswagen,T-Roc,SUV,21.35,2020,4,,
Volkswagen,Vento,Sedan,10,2020,4,,
Datsun,Go,Hatchback,4.03,2020,5,78,304
Datsun,Go Plus,MUV,4.26,2020,5,62,304
Datsun,RediGo,Hatchback,3.98,2020,5,164,304
Honda,Amaze,Sedan,6.39,2020,5,140,375
Honda,City,Sedan,11.23,2020,5,118,375
Honda,Civic,Sedan,17.95,2020,5,1,375
Honda,CRV,MUV,20,2020,5,2,375
Honda,Jazz,Hatchback,7.72,2020,5,,375
Honda,WRV,SUV,8.83,2020,5,114,375
Hyundai,Creta,SUV,10.22,2020,5,3212,6883
Hyundai,Elantra,Sedan,17.86,2020,5,6,6883
Hyundai,Elite i20,Hatchback,5.57,2020,5,878,6883
Hyundai,Grand i10,Hatchback,5,2020,5,718,6883
Hyundai,Kona,Electric,23,2020,5,4,6883
Hyundai,Santro,Hatchback,3.13,2020,5,157,6883
Hyundai,Tucson,SUV,23,2020,5,,6883
Hyundai,Venue,SUV,7,2020,5,1242,6883
Hyundai,Verna,Sedan,8,2020,5,317,6883
Hyundai,"Xcent, Aura",Sedan,6,2020,5,349,6883
Jeep,Compass,SUV,17.79,2020,5,93,93
Jeep,Wrangler,SUV,56.33,2020,5,,93
Kia,Carnival,Van,25.48,2020,5,50,1661
Kia,Seltos,SUV,9.95,2020,5,1611,1661
Mahindra,Alturas G4,SUV,28.85,2020,5,,3745
Mahindra,Bolero,SUV,8.99,2020,5,1715,3745
Mahindra,KUV100,SUV,6.19,2020,5,24,3745
Mahindra,Marazzo,SUV,12.79,2020,5,,3745
Mahindra,Scorpio,SUV,13.18,2020,5,713,3745
Mahindra,Thar,SUV,13.17,2020,5,,3745
Mahindra,TUV300,SUV,15,2020,5,,3745
Mahindra,"Verito, Vibe",Sedan,10,2020,5,,3745
Mahindra,XUV300,SUV,8.16,2020,5,1257,3745
Mahindra,XUV500,SUV,13,2020,5,36,3745
Maruti Suzuki,Alto,Hatchback,3.25,2020,5,1506,13702
Maruti Suzuki,Baleno,Hatchback,6.03,2020,5,1587,13702
Maruti Suzuki,Celerio,Hatchback,5.14,2020,5,468,13702
Maruti Suzuki,Ciaz,Sedan,8.67,2020,5,192,13702
Maruti Suzuki,Dzire,Sedan,6.09,2020,5,2215,13702
Maruti Suzuki,Eeco,Van,4.53,2020,5,1617,13702
Maruti Suzuki,Ertiga,MUV,8.11,2020,5,2353,13702
Maruti Suzuki,Gypsy,SUV,6.5,2020,5,,13702
Maruti Suzuki,Ignis,Hatchback,5.08,2020,5,196,13702
Maruti Suzuki,S-Cross,SUV,8.6,2020,5,,13702
Maruti Suzuki,S-Presso,SUV,3.85,2020,5,489,13702
Maruti Suzuki,Swift,Hatchback,5.9,2020,5,597,13702
Maruti Suzuki,Vitara Brezza,SUV,7.68,2020,5,572,13702
Maruti Suzuki,WagonR,Hatchback,5.16,2020,5,1199,13702
Maruti Suzuki,XL6,MUV,10.01,2020,5,711,13702
MG,Hector,SUV,13.95,2020,5,672,710
MG,ZS EV,SUV,21.49,2020,5,38,710
Nissan,Kicks,SUV,9.5,2020,5,74,74
Renault,Captur,SUV,9.5,2020,5,,1753
Renault,Duster,SUV,9.85,2020,5,138,1753
Renault,Kwid,Hatchback,4.24,2020,5,684,1753
Renault,Triber,MUV,5.67,2020,5,931,1753
Skoda,Kodiaq,SUV,34.99,2020,5,112,508
Skoda,Octavia,Sedan,26.29,2020,5,32,508
Skoda,Rapid,Sedan,11.99,2020,5,291,508
Skoda,Superb,Sedan,32.85,2020,5,73,508
Tata,Altroz,Hatchback,5.99,2020,5,1379,3152
Tata,Harrier,SUV,14.49,2020,5,161,3152
Tata,Hexa,MUV,13.69,2020,5,,3152
Tata,Nexon,SUV,7.39,2020,5,623,3152
Tata,Tiago,Hatchback,5.19,2020,5,857,3152
Tata,Tigor,Hatchback,5.79,2020,5,132,3152
Toyota,Camry,Sedan,41.7,2020,5,13,1641
Toyota,Fortuner,MUV,31.38,2020,5,267,1641
Toyota,Glanza,Hatchback,7.69,2020,5,507,1641
Toyota,Innova,MUV,17.3,2020,5,759,1641
Toyota,Vellfire,Van,89.85,2020,5,32,1641
Toyota,Yaris,Sedan,9.29,2020,5,63,1641
Volkswagen,Polo,Hatchback,6.49,2020,5,1126,1404
Volkswagen,Tiguan,SUV,11,2020,5,30,1404
Volkswagen,T-Roc,SUV,21.35,2020,5,70,1404
Volkswagen,Vento,Sedan,10,2020,5,178,1404
Datsun,Go,Hatchback,4.03,2020,6,51,506
Datsun,Go Plus,MUV,4.26,2020,6,51,506
Datsun,RediGo,Hatchback,3.98,2020,6,404,506
Honda,Amaze,Sedan,6.39,2020,6,139,1398
Honda,City,Sedan,11.23,2020,6,585,1398
Honda,Civic,Sedan,17.95,2020,6,14,1398
Honda,CRV,MUV,20,2020,6,2,1398
Honda,Jazz,Hatchback,7.72,2020,6,,1398
Honda,WRV,SUV,8.83,2020,6,658,1398
Hyundai,Creta,SUV,10.22,2020,6,7207,21320
Hyundai,Elantra,Sedan,17.86,2020,6,15,21320
Hyundai,Elite i20,Hatchback,5.57,2020,6,2718,21320
Hyundai,Grand i10,Hatchback,5,2020,6,3593,21320
Hyundai,Kona,Electric,23,2020,6,16,21320
Hyundai,Santro,Hatchback,3.13,2020,6,1513,21320
Hyundai,Tucson,SUV,23,2020,6,30,21320
Hyundai,Venue,SUV,7,2020,6,4129,21320
Hyundai,Verna,Sedan,8,2020,6,1083,21320
Hyundai,"Xcent, Aura",Sedan,6,2020,6,1016,21320
Jeep,Compass,SUV,17.79,2020,6,246,256
Jeep,Wrangler,SUV,56.33,2020,6,10,256
Kia,Carnival,Van,25.48,2020,6,161,7275
Kia,Seltos,SUV,9.95,2020,6,7114,7275
Mahindra,Alturas G4,SUV,28.85,2020,6,,7959
Mahindra,Bolero,SUV,8.99,2020,6,3292,7959
Mahindra,KUV100,SUV,6.19,2020,6,49,7959
Mahindra,Marazzo,SUV,12.79,2020,6,,7959
Mahindra,Scorpio,SUV,13.18,2020,6,2574,7959
Mahindra,Thar,SUV,13.17,2020,6,,7959
Mahindra,TUV300,SUV,15,2020,6,,7959
Mahindra,"Verito, Vibe",Sedan,10,2020,6,1,7959
Mahindra,XUV300,SUV,8.16,2020,6,1812,7959
Mahindra,XUV500,SUV,13,2020,6,231,7959
Maruti Suzuki,Alto,Hatchback,3.25,2020,6,7298,51274
Maruti Suzuki,Baleno,Hatchback,6.03,2020,6,4300,51274
Maruti Suzuki,Celerio,Hatchback,5.14,2020,6,4145,51274
Maruti Suzuki,Ciaz,Sedan,8.67,2020,6,553,51274
Maruti Suzuki,Dzire,Sedan,6.09,2020,6,5834,51274
Maruti Suzuki,Eeco,Van,4.53,2020,6,3803,51274
Maruti Suzuki,Ertiga,MUV,8.11,2020,6,3306,51274
Maruti Suzuki,Gypsy,SUV,6.5,2020,6,718,51274
Maruti Suzuki,Ignis,Hatchback,5.08,2020,6,1432,51274
Maruti Suzuki,S-Cross,SUV,8.6,2020,6,,51274
Maruti Suzuki,S-Presso,SUV,3.85,2020,6,3160,51274
Maruti Suzuki,Swift,Hatchback,5.9,2020,6,4013,51274
Maruti Suzuki,Vitara Brezza,SUV,7.68,2020,6,4542,51274
Maruti Suzuki,WagonR,Hatchback,5.16,2020,6,6972,51274
Maruti Suzuki,XL6,MUV,10.01,2020,6,1198,51274
MG,Hector,SUV,13.95,2020,6,1867,2012
MG,ZS EV,SUV,21.49,2020,6,145,2012
Nissan,Kicks,SUV,9.5,2020,6,70,70
Renault,Captur,SUV,9.5,2020,6,,4634
Renault,Duster,SUV,9.85,2020,6,129,4634
Renault,Kwid,Hatchback,4.24,2020,6,2441,4634
Renault,Triber,MUV,5.67,2020,6,2064,4634
Skoda,Kodiaq,SUV,34.99,2020,6,151,790
Skoda,Octavia,Sedan,26.29,2020,6,21,790
Skoda,Rapid,Sedan,11.99,2020,6,577,790
Skoda,Superb,Sedan,32.85,2020,6,41,790
Tata,Altroz,Hatchback,5.99,2020,6,3104,11419
Tata,Harrier,SUV,14.49,2020,6,653,11419
Tata,Hexa,MUV,13.69,2020,6,,11419
Tata,Nexon,SUV,7.39,2020,6,3040,11419
Tata,Tiago,Hatchback,5.19,2020,6,4069,11419
Tata,Tigor,Hatchback,5.79,2020,6,553,11419
Toyota,Camry,Sedan,41.7,2020,6,26,3866
Toyota,Fortuner,MUV,31.38,2020,6,713,3866
Toyota,Glanza,Hatchback,7.69,2020,6,914,3866
Toyota,Innova,MUV,17.3,2020,6,2085,3866
Toyota,Vellfire,Van,89.85,2020,6,49,3866
Toyota,Yaris,Sedan,9.29,2020,6,79,3866
Volkswagen,Polo,Hatchback,6.49,2020,6,1228,1510
Volkswagen,Tiguan,SUV,11,2020,6,,1510
Volkswagen,T-Roc,SUV,21.35,2020,6,,1510
Volkswagen,Vento,Sedan,10,2020,6,282,1510
Datsun,Go,Hatchback,4.03,2020,7,37,694
Datsun,Go Plus,MUV,4.26,2020,7,57,694
Datsun,RediGo,Hatchback,3.98,2020,7,600,694
Honda,Amaze,Sedan,6.39,2020,7,2587,5383
Honda,City,Sedan,11.23,2020,7,1975,5383
Honda,Civic,Sedan,17.95,2020,7,77,5383
Honda,CRV,MUV,20,2020,7,11,5383
Honda,Jazz,Hatchback,7.72,2020,7,,5383
Honda,WRV,SUV,8.83,2020,7,733,5383
Hyundai,Creta,SUV,10.22,2020,7,11549,38200
Hyundai,Elantra,Sedan,17.86,2020,7,20,38200
Hyundai,Elite i20,Hatchback,5.57,2020,7,6344,38200
Hyundai,Grand i10,Hatchback,5,2020,7,8368,38200
Hyundai,Kona,Electric,23,2020,7,26,38200
Hyundai,Santro,Hatchback,3.13,2020,7,1351,38200
Hyundai,Tucson,SUV,23,2020,7,63,38200
Hyundai,Venue,SUV,7,2020,7,6734,38200
Hyundai,Verna,Sedan,8,2020,7,1906,38200
Hyundai,"Xcent, Aura",Sedan,6,2020,7,1839,38200
Jeep,Compass,SUV,17.79,2020,7,400,400
Jeep,Wrangler,SUV,56.33,2020,7,,400
Kia,Carnival,Van,25.48,2020,7,232,8502
Kia,Seltos,SUV,9.95,2020,7,8270,8502
Kia,Sonet,SUV,9.95,2020,7,,8502
Mahindra,Alturas G4,SUV,28.85,2020,7,,10904
Mahindra,Bolero,SUV,8.99,2020,7,4360,10904
Mahindra,KUV100,SUV,6.19,2020,7,51,10904
Mahindra,Marazzo,SUV,12.79,2020,7,20,10904
Mahindra,Scorpio,SUV,13.18,2020,7,3135,10904
Mahindra,Thar,SUV,13.17,2020,7,,10904
Mahindra,TUV300,SUV,15,2020,7,,10904
Mahindra,"Verito, Vibe",Sedan,10,2020,7,6,10904
Mahindra,XUV300,SUV,8.16,2020,7,2519,10904
Mahindra,XUV500,SUV,13,2020,7,813,10904
Maruti Suzuki,Alto,Hatchback,3.25,2020,7,13654,97768
Maruti Suzuki,Baleno,Hatchback,6.03,2020,7,11575,97768
Maruti Suzuki,Celerio,Hatchback,5.14,2020,7,4799,97768
Maruti Suzuki,Ciaz,Sedan,8.67,2020,7,1303,97768
Maruti Suzuki,Dzire,Sedan,6.09,2020,7,9046,97768
Maruti Suzuki,Eeco,Van,4.53,2020,7,8501,97768
Maruti Suzuki,Ertiga,MUV,8.11,2020,7,8504,97768
Maruti Suzuki,Gypsy,SUV,6.5,2020,7,541,97768
Maruti Suzuki,Ignis,Hatchback,5.08,2020,7,2421,97768
Maruti Suzuki,S-Cross,SUV,8.6,2020,7,451,97768
Maruti Suzuki,S-Presso,SUV,3.85,2020,7,3604,97768
Maruti Suzuki,Swift,Hatchback,5.9,2020,7,10173,97768
Maruti Suzuki,Vitara Brezza,SUV,7.68,2020,7,7807,97768
Maruti Suzuki,WagonR,Hatchback,5.16,2020,7,13515,97768
Maruti Suzuki,XL6,MUV,10.01,2020,7,1874,97768
MG,Gloster,SUV,30.99,2020,7,,2105
MG,Hector,SUV,13.95,2020,7,2023,2105
MG,ZS EV,SUV,21.49,2020,7,82,2105
Nissan,Kicks,SUV,9.5,2020,7,88,88
Nissan,Magnite,SUV,5.77,2020,7,,88
Renault,Captur,SUV,9.5,2020,7,,6422
Renault,Duster,SUV,9.85,2020,7,339,6422
Renault,Kwid,Hatchback,4.24,2020,7,3007,6422
Renault,Triber,MUV,5.67,2020,7,3076,6422
Skoda,Karoq,SUV,24.99,2020,7,130,922
Skoda,Kodiaq,SUV,34.99,2020,7,,922
Skoda,Octavia,Sedan,26.29,2020,7,8,922
Skoda,Rapid,Sedan,11.99,2020,7,738,922
Skoda,Superb,Sedan,32.85,2020,7,46,922
Tata,Altroz,Hatchback,5.99,2020,7,3636,15012
Tata,Harrier,SUV,14.49,2020,7,985,15012
Tata,Hexa,MUV,13.69,2020,7,,15012
Tata,Nexon,SUV,7.39,2020,7,4327,15012
Tata,Tiago,Hatchback,5.19,2020,7,5337,15012
Tata,Tigor,Hatchback,5.79,2020,7,727,15012
Toyota,Camry,Sedan,41.7,2020,7,9,5386
Toyota,Fortuner,MUV,31.38,2020,7,896,5386
Toyota,Glanza,Hatchback,7.69,2020,7,1323,5386
Toyota,Innova,MUV,17.3,2020,7,2927,5386
Toyota,Urban Cruiser,SUV,8.87,2020,7,,5386
Toyota,Vellfire,Van,89.85,2020,7,16,5386
Toyota,Yaris,Sedan,9.29,2020,7,215,5386
Volkswagen,Polo,Hatchback,6.49,2020,7,1146,1887
Volkswagen,Tiguan,SUV,11,2020,7,183,1887
Volkswagen,T-Roc,SUV,21.35,2020,7,348,1887
Volkswagen,Vento,Sedan,10,2020,7,210,1887
Datsun,Go,Hatchback,4.03,2020,8,52,618
Datsun,Go Plus,MUV,4.26,2020,8,65,618
Datsun,RediGo,Hatchback,3.98,2020,8,501,618
Honda,Amaze,Sedan,6.39,2020,8,3684,7509
Honda,City,Sedan,11.23,2020,8,2299,7509
Honda,Civic,Sedan,17.95,2020,8,204,7509
Honda,CRV,MUV,20,2020,8,10,7509
Honda,Jazz,Hatchback,7.72,2020,8,583,7509
Honda,WRV,SUV,8.83,2020,8,729,7509
Hyundai,Creta,SUV,10.22,2020,8,11758,45809
Hyundai,Elantra,Sedan,17.86,2020,8,26,45809
Hyundai,Elite i20,Hatchback,5.57,2020,8,7765,45809
Hyundai,Grand i10,Hatchback,5,2020,8,10190,45809
Hyundai,Kona,Electric,23,2020,8,26,45809
Hyundai,Santro,Hatchback,3.13,2020,8,2395,45809
Hyundai,Tucson,SUV,23,2020,8,139,45809
Hyundai,Venue,SUV,7,2020,8,8267,45809
Hyundai,Verna,Sedan,8,2020,8,2015,45809
Hyundai,"Xcent, Aura",Sedan,6,2020,8,3228,45809
Jeep,Compass,SUV,17.79,2020,8,468,468
Jeep,Wrangler,SUV,56.33,2020,8,,468
Kia,Carnival,Van,25.48,2020,8,198,10853
Kia,Seltos,SUV,9.95,2020,8,10655,10853
Kia,Sonet,SUV,9.95,2020,8,,10853
Mahindra,Alturas G4,SUV,28.85,2020,8,1,13407
Mahindra,Bolero,SUV,8.99,2020,8,5487,13407
Mahindra,KUV100,SUV,6.19,2020,8,48,13407
Mahindra,Marazzo,SUV,12.79,2020,8,635,13407
Mahindra,Scorpio,SUV,13.18,2020,8,3327,13407
Mahindra,Thar,SUV,13.17,2020,8,,13407
Mahindra,TUV300,SUV,15,2020,8,,13407
Mahindra,"Verito, Vibe",Sedan,10,2020,8,,13407
Mahindra,XUV300,SUV,8.16,2020,8,2990,13407
Mahindra,XUV500,SUV,13,2020,8,919,13407
Maruti Suzuki,Alto,Hatchback,3.25,2020,8,14397,113033
Maruti Suzuki,Baleno,Hatchback,6.03,2020,8,10742,113033
Maruti Suzuki,Celerio,Hatchback,5.14,2020,8,5684,113033
Maruti Suzuki,Ciaz,Sedan,8.67,2020,8,1223,113033
Maruti Suzuki,Dzire,Sedan,6.09,2020,8,13629,113033
Maruti Suzuki,Eeco,Van,4.53,2020,8,9115,113033
Maruti Suzuki,Ertiga,MUV,8.11,2020,8,9302,113033
Maruti Suzuki,Gypsy,SUV,6.5,2020,8,452,113033
Maruti Suzuki,Ignis,Hatchback,5.08,2020,8,3262,113033
Maruti Suzuki,S-Cross,SUV,8.6,2020,8,2527,113033
Maruti Suzuki,S-Presso,SUV,3.85,2020,8,5312,113033
Maruti Suzuki,Swift,Hatchback,5.9,2020,8,14869,113033
Maruti Suzuki,Vitara Brezza,SUV,7.68,2020,8,6903,113033
Maruti Suzuki,WagonR,Hatchback,5.16,2020,8,13770,113033
Maruti Suzuki,XL6,MUV,10.01,2020,8,1846,113033
MG,Gloster,SUV,30.99,2020,8,,2851
MG,Hector,SUV,13.95,2020,8,2732,2851
MG,ZS EV,SUV,21.49,2020,8,119,2851
Nissan,Kicks,SUV,9.5,2020,8,192,192
Nissan,Magnite,SUV,5.77,2020,8,,192
Renault,Captur,SUV,9.5,2020,8,,8060
Renault,Duster,SUV,9.85,2020,8,477,8060
Renault,Kwid,Hatchback,4.24,2020,8,3677,8060
Renault,Triber,MUV,5.67,2020,8,3906,8060
Skoda,Karoq,SUV,24.99,2020,8,175,1003
Skoda,Kodiaq,SUV,34.99,2020,8,,1003
Skoda,Octavia,Sedan,26.29,2020,8,9,1003
Skoda,Rapid,Sedan,11.99,2020,8,697,1003
Skoda,Superb,Sedan,32.85,2020,8,122,1003
Tata,Altroz,Hatchback,5.99,2020,8,4951,18583
Tata,Harrier,SUV,14.49,2020,8,1694,18583
Tata,Hexa,MUV,13.69,2020,8,,18583
Tata,Nexon,SUV,7.39,2020,8,5179,18583
Tata,Tiago,Hatchback,5.19,2020,8,5743,18583
Tata,Tigor,Hatchback,5.79,2020,8,1016,18583
Toyota,Camry,Sedan,41.7,2020,8,7,5555
Toyota,Fortuner,MUV,31.38,2020,8,733,5555
Toyota,Glanza,Hatchback,7.69,2020,8,1418,5555
Toyota,Innova,MUV,17.3,2020,8,2943,5555
Toyota,Urban Cruiser,SUV,8.87,2020,8,,5555
Toyota,Vellfire,Van,89.85,2020,8,16,5555
Toyota,Yaris,Sedan,9.29,2020,8,438,5555
Volkswagen,Polo,Hatchback,6.49,2020,8,1008,1470
Volkswagen,Tiguan,SUV,11,2020,8,63,1470
Volkswagen,T-Roc,SUV,21.35,2020,8,227,1470
Volkswagen,Vento,Sedan,10,2020,8,172,1470
Datsun,Go,Hatchback,4.03,2020,9,55,722
Datsun,Go Plus,MUV,4.26,2020,9,55,722
Datsun,RediGo,Hatchback,3.98,2020,9,612,722
Honda,Amaze,Sedan,6.39,2020,9,5416,10199
Honda,City,Sedan,11.23,2020,9,2709,10199
Honda,Civic,Sedan,17.95,2020,9,181,10199
Honda,CRV,MUV,20,2020,9,21,10199
Honda,Jazz,Hatchback,7.72,2020,9,748,10199
Honda,WRV,SUV,8.83,2020,9,1124,10199
Hyundai,Creta,SUV,10.22,2020,9,12325,50313
Hyundai,Elantra,Sedan,17.86,2020,9,24,50313
Hyundai,Elite i20,Hatchback,5.57,2020,9,9852,50313
Hyundai,Grand i10,Hatchback,5,2020,9,10385,50313
Hyundai,Kona,Electric,23,2020,9,29,50313
Hyundai,Santro,Hatchback,3.13,2020,9,3034,50313
Hyundai,Tucson,SUV,23,2020,9,85,50313
Hyundai,Venue,SUV,7,2020,9,8469,50313
Hyundai,Verna,Sedan,8,2020,9,2228,50313
Hyundai,"Xcent, Aura",Sedan,6,2020,9,3882,50313
Jeep,Compass,SUV,17.79,2020,9,554,554
Jeep,Wrangler,SUV,56.33,2020,9,,554
Kia,Carnival,Van,25.48,2020,9,331,18676
Kia,Seltos,SUV,9.95,2020,9,9079,18676
Kia,Sonet,SUV,9.95,2020,9,9266,18676
Mahindra,Alturas G4,SUV,28.85,2020,9,73,14664
Mahindra,Bolero,SUV,8.99,2020,9,5797,14664
Mahindra,KUV100,SUV,6.19,2020,9,35,14664
Mahindra,Marazzo,SUV,12.79,2020,9,936,14664
Mahindra,Scorpio,SUV,13.18,2020,9,3527,14664
Mahindra,Thar,SUV,13.17,2020,9,,14664
Mahindra,TUV300,SUV,15,2020,9,,14664
Mahindra,"Verito, Vibe",Sedan,10,2020,9,1,14664
Mahindra,XUV300,SUV,8.16,2020,9,3700,14664
Mahindra,XUV500,SUV,13,2020,9,595,14664
Maruti Suzuki,Alto,Hatchback,3.25,2020,9,18246,147912
Maruti Suzuki,Baleno,Hatchback,6.03,2020,9,19433,147912
Maruti Suzuki,Celerio,Hatchback,5.14,2020,9,7250,147912
Maruti Suzuki,Ciaz,Sedan,8.67,2020,9,1534,147912
Maruti Suzuki,Dzire,Sedan,6.09,2020,9,13988,147912
Maruti Suzuki,Eeco,Van,4.53,2020,9,11220,147912
Maruti Suzuki,Ertiga,MUV,8.11,2020,9,9982,147912
Maruti Suzuki,Gypsy,SUV,6.5,2020,9,379,147912
Maruti Suzuki,Ignis,Hatchback,5.08,2020,9,3318,147912
Maruti Suzuki,S-Cross,SUV,8.6,2020,9,2098,147912
Maruti Suzuki,S-Presso,SUV,3.85,2020,9,9000,147912
Maruti Suzuki,Swift,Hatchback,5.9,2020,9,22643,147912
Maruti Suzuki,Vitara Brezza,SUV,7.68,2020,9,9153,147912
Maruti Suzuki,WagonR,Hatchback,5.16,2020,9,17581,147912
Maruti Suzuki,XL6,MUV,10.01,2020,9,2087,147912
MG,Gloster,SUV,30.99,2020,9,,2537
MG,Hector,SUV,13.95,2020,9,2410,2537
MG,ZS EV,SUV,21.49,2020,9,127,2537
Nissan,Kicks,SUV,9.5,2020,9,58,58
Nissan,Magnite,SUV,5.77,2020,9,,58
Renault,Captur,SUV,9.5,2020,9,,8805
Renault,Duster,SUV,9.85,2020,9,133,8805
Renault,Kwid,Hatchback,4.24,2020,9,4513,8805
Renault,Triber,MUV,5.67,2020,9,4159,8805
Skoda,Karoq,SUV,24.99,2020,9,240,1312
Skoda,Kodiaq,SUV,34.99,2020,9,,1312
Skoda,Octavia,Sedan,26.29,2020,9,17,1312
Skoda,Rapid,Sedan,11.99,2020,9,907,1312
Skoda,Superb,Sedan,32.85,2020,9,148,1312
Tata,Altroz,Hatchback,5.99,2020,9,5952,21200
Tata,Harrier,SUV,14.49,2020,9,1755,21200
Tata,Hexa,MUV,13.69,2020,9,,21200
Tata,Nexon,SUV,7.39,2020,9,6007,21200
Tata,Tiago,Hatchback,5.19,2020,9,6080,21200
Tata,Tigor,Hatchback,5.79,2020,9,1406,21200
Toyota,Camry,Sedan,41.7,2020,9,21,8116
Toyota,Fortuner,MUV,31.38,2020,9,1045,8116
Toyota,Glanza,Hatchback,7.69,2020,9,2572,8116
Toyota,Innova,MUV,17.3,2020,9,4087,8116
Toyota,Urban Cruiser,SUV,8.87,2020,9,,8116
Toyota,Vellfire,Van,89.85,2020,9,14,8116
Toyota,Yaris,Sedan,9.29,2020,9,377,8116
Volkswagen,Polo,Hatchback,6.49,2020,9,1585,2050
Volkswagen,Tiguan,SUV,11,2020,9,24,2050
Volkswagen,T-Roc,SUV,21.35,2020,9,233,2050
Volkswagen,Vento,Sedan,10,2020,9,208,2050
Datsun,Go,Hatchback,4.03,2020,10,43,983
Datsun,Go Plus,MUV,4.26,2020,10,30,983
Datsun,RediGo,Hatchback,3.98,2020,10,910,983
Honda,Amaze,Sedan,6.39,2020,10,4709,10836
Honda,City,Sedan,11.23,2020,10,4124,10836
Honda,Civic,Sedan,17.95,2020,10,230,10836
Honda,CRV,MUV,20,2020,10,31,10836
Honda,Jazz,Hatchback,7.72,2020,10,642,10836
Honda,WRV,SUV,8.83,2020,10,1100,10836
Hyundai,Creta,SUV,10.22,2020,10,14023,56605
Hyundai,Elantra,Sedan,17.86,2020,10,46,56605
Hyundai,Elite i20,Hatchback,5.57,2020,10,8399,56605
Hyundai,Grand i10,Hatchback,5,2020,10,14003,56605
Hyundai,Kona,Electric,23,2020,10,13,56605
Hyundai,Santro,Hatchback,3.13,2020,10,3463,56605
Hyundai,Tucson,SUV,23,2020,10,87,56605
Hyundai,Venue,SUV,7,2020,10,8828,56605
Hyundai,Verna,Sedan,8,2020,10,2166,56605
Hyundai,"Xcent, Aura",Sedan,6,2020,10,5577,56605
Jeep,Compass,SUV,17.79,2020,10,832,832
Jeep,Wrangler,SUV,56.33,2020,10,,832
Kia,Carnival,Van,25.48,2020,10,400,21021
Kia,Seltos,SUV,9.95,2020,10,8900,21021
Kia,Sonet,SUV,9.95,2020,10,11721,21021
Mahindra,Alturas G4,SUV,28.85,2020,10,69,18318
Mahindra,Bolero,SUV,8.99,2020,10,7624,18318
Mahindra,KUV100,SUV,6.19,2020,10,35,18318
Mahindra,Marazzo,SUV,12.79,2020,10,737,18318
Mahindra,Scorpio,SUV,13.18,2020,10,3961,18318
Mahindra,Thar,SUV,13.17,2020,10,,18318
Mahindra,TUV300,SUV,15,2020,10,,18318
Mahindra,"Verito, Vibe",Sedan,10,2020,10,1,18318
Mahindra,XUV300,SUV,8.16,2020,10,4882,18318
Mahindra,XUV500,SUV,13,2020,10,1009,18318
Maruti Suzuki,Alto,Hatchback,3.25,2020,10,17850,163656
Maruti Suzuki,Baleno,Hatchback,6.03,2020,10,21971,163656
Maruti Suzuki,Celerio,Hatchback,5.14,2020,10,7574,163656
Maruti Suzuki,Ciaz,Sedan,8.67,2020,10,1422,163656
Maruti Suzuki,Dzire,Sedan,6.09,2020,10,17675,163656
Maruti Suzuki,Eeco,Van,4.53,2020,10,13309,163656
Maruti Suzuki,Ertiga,MUV,8.11,2020,10,7748,163656
Maruti Suzuki,Gypsy,SUV,6.5,2020,10,596,163656
Maruti Suzuki,Ignis,Hatchback,5.08,2020,10,4555,163656
Maruti Suzuki,S-Cross,SUV,8.6,2020,10,2526,163656
Maruti Suzuki,S-Presso,SUV,3.85,2020,10,10612,163656
Maruti Suzuki,Swift,Hatchback,5.9,2020,10,24589,163656
Maruti Suzuki,Vitara Brezza,SUV,7.68,2020,10,12087,163656
Maruti Suzuki,WagonR,Hatchback,5.16,2020,10,18703,163656
Maruti Suzuki,XL6,MUV,10.01,2020,10,2439,163656
MG,Gloster,SUV,30.99,2020,10,,3750
MG,Hector,SUV,13.95,2020,10,3625,3750
MG,ZS EV,SUV,21.49,2020,10,125,3750
Nissan,Kicks,SUV,9.5,2020,10,122,122
Nissan,Magnite,SUV,5.77,2020,10,,122
Renault,Captur,SUV,9.5,2020,10,,11005
Renault,Duster,SUV,9.85,2020,10,362,11005
Renault,Kwid,Hatchback,4.24,2020,10,5371,11005
Renault,Triber,MUV,5.67,2020,10,5272,11005
Skoda,Karoq,SUV,24.99,2020,10,182,1421
Skoda,Kodiaq,SUV,34.99,2020,10,,1421
Skoda,Octavia,Sedan,26.29,2020,10,31,1421
Skoda,Rapid,Sedan,11.99,2020,10,1024,1421
Skoda,Superb,Sedan,32.85,2020,10,184,1421
Tata,Altroz,Hatchback,5.99,2020,10,6730,23600
Tata,Harrier,SUV,14.49,2020,10,2398,23600
Tata,Hexa,MUV,13.69,2020,10,,23600
Tata,Nexon,SUV,7.39,2020,10,6888,23600
Tata,Tiago,Hatchback,5.19,2020,10,6083,23600
Tata,Tigor,Hatchback,5.79,2020,10,1501,23600
Toyota,Camry,Sedan,41.7,2020,10,38,12373
Toyota,Fortuner,MUV,31.38,2020,10,1472,12373
Toyota,Glanza,Hatchback,7.69,2020,10,2978,12373
Toyota,Innova,MUV,17.3,2020,10,4477,12373
Toyota,Urban Cruiser,SUV,8.87,2020,10,3006,12373
Toyota,Vellfire,Van,89.85,2020,10,29,12373
Toyota,Yaris,Sedan,9.29,2020,10,373,12373
Volkswagen,Polo,Hatchback,6.49,2020,10,1564,2054
Volkswagen,Tiguan,SUV,11,2020,10,170,2054
Volkswagen,T-Roc,SUV,21.35,2020,10,89,2054
Volkswagen,Vento,Sedan,10,2020,10,231,2054
Datsun,Go,Hatchback,4.03,2020,11,13,859
Datsun,Go Plus,MUV,4.26,2020,11,17,859
Datsun,RediGo,Hatchback,3.98,2020,11,829,859
Honda,Amaze,Sedan,6.39,2020,11,4706,9990
Honda,City,Sedan,11.23,2020,11,3523,9990
Honda,Civic,Sedan,17.95,2020,11,143,9990
Honda,CRV,MUV,20,2020,11,27,9990
Honda,Jazz,Hatchback,7.72,2020,11,633,9990
Honda,WRV,SUV,8.83,2020,11,958,9990
Hyundai,Creta,SUV,10.22,2020,11,12017,48800
Hyundai,Elantra,Sedan,17.86,2020,11,38,48800
Hyundai,Elite i20,Hatchback,5.57,2020,11,9096,48800
Hyundai,Grand i10,Hatchback,5,2020,11,10936,48800
Hyundai,Kona,Electric,23,2020,11,,48800
Hyundai,Santro,Hatchback,3.13,2020,11,2822,48800
Hyundai,Tucson,SUV,23,2020,11,76,48800
Hyundai,Venue,SUV,7,2020,11,9265,48800
Hyundai,Verna,Sedan,8,2020,11,1487,48800
Hyundai,"Xcent, Aura",Sedan,6,2020,11,3063,48800
Jeep,Compass,SUV,17.79,2020,11,702,709
Jeep,Wrangler,SUV,56.33,2020,11,7,709
Kia,Carnival,Van,25.48,2020,11,400,21022
Kia,Seltos,SUV,9.95,2020,11,9205,21022
Kia,Sonet,SUV,9.95,2020,11,11417,21022
Mahindra,Alturas G4,SUV,28.85,2020,11,23,17971
Mahindra,Bolero,SUV,8.99,2020,11,6055,17971
Mahindra,KUV100,SUV,6.19,2020,11,23,17971
Mahindra,Marazzo,SUV,12.79,2020,11,226,17971
Mahindra,Scorpio,SUV,13.18,2020,11,3725,17971
Mahindra,Thar,SUV,13.17,2020,11,2569,17971
Mahindra,TUV300,SUV,15,2020,11,,17971
Mahindra,"Verito, Vibe",Sedan,10,2020,11,,17971
Mahindra,XUV300,SUV,8.16,2020,11,4458,17971
Mahindra,XUV500,SUV,13,2020,11,892,17971
Maruti Suzuki,Alto,Hatchback,3.25,2020,11,15321,135775
Maruti Suzuki,Baleno,Hatchback,6.03,2020,11,17872,135775
Maruti Suzuki,Celerio,Hatchback,5.14,2020,11,6533,135775
Maruti Suzuki,Ciaz,Sedan,8.67,2020,11,1870,135775
Maruti Suzuki,Dzire,Sedan,6.09,2020,11,13536,135775
Maruti Suzuki,Eeco,Van,4.53,2020,11,11183,135775
Maruti Suzuki,Ertiga,MUV,8.11,2020,11,9557,135775
Maruti Suzuki,Gypsy,SUV,6.5,2020,11,93,135775
Maruti Suzuki,Ignis,Hatchback,5.08,2020,11,3935,135775
Maruti Suzuki,S-Cross,SUV,8.6,2020,11,2877,135775
Maruti Suzuki,S-Presso,SUV,3.85,2020,11,7018,135775
Maruti Suzuki,Swift,Hatchback,5.9,2020,11,18498,135775
Maruti Suzuki,Vitara Brezza,SUV,7.68,2020,11,7838,135775
Maruti Suzuki,WagonR,Hatchback,5.16,2020,11,16256,135775
Maruti Suzuki,XL6,MUV,10.01,2020,11,3388,135775
MG,Gloster,SUV,30.99,2020,11,627,4163
MG,Hector,SUV,13.95,2020,11,3426,4163
MG,ZS EV,SUV,21.49,2020,11,110,4163
Nissan,Kicks,SUV,9.5,2020,11,158,158
Nissan,Magnite,SUV,5.77,2020,11,,158
Renault,Captur,SUV,9.5,2020,11,,10181
Renault,Duster,SUV,9.85,2020,11,416,10181
Renault,Kwid,Hatchback,4.24,2020,11,4956,10181
Renault,Triber,MUV,5.67,2020,11,4809,10181
Skoda,Karoq,SUV,24.99,2020,11,5,1056
Skoda,Kodiaq,SUV,34.99,2020,11,,1056
Skoda,Octavia,Sedan,26.29,2020,11,20,1056
Skoda,Rapid,Sedan,11.99,2020,11,813,1056
Skoda,Superb,Sedan,32.85,2020,11,218,1056
Tata,Altroz,Hatchback,5.99,2020,11,6260,21640
Tata,Harrier,SUV,14.49,2020,11,2210,21640
Tata,Hexa,MUV,13.69,2020,11,,21640
Tata,Nexon,SUV,7.39,2020,11,6021,21640
Tata,Tiago,Hatchback,5.19,2020,11,5890,21640
Tata,Tigor,Hatchback,5.79,2020,11,1259,21640
Toyota,Camry,Sedan,41.7,2020,11,32,8508
Toyota,Fortuner,MUV,31.38,2020,11,656,8508
Toyota,Glanza,Hatchback,7.69,2020,11,2428,8508
Toyota,Innova,MUV,17.3,2020,11,2192,8508
Toyota,Urban Cruiser,SUV,8.87,2020,11,2832,8508
Toyota,Vellfire,Van,89.85,2020,11,23,8508
Toyota,Yaris,Sedan,9.29,2020,11,345,8508
Volkswagen,Polo,Hatchback,6.49,2020,11,1130,1412
Volkswagen,Tiguan,SUV,11,2020,11,138,1412
Volkswagen,T-Roc,SUV,21.35,2020,11,19,1412
Volkswagen,Vento,Sedan,10,2020,11,125,1412
Datsun,Go,Hatchback,4.03,2020,12,,502
Datsun,Go Plus,MUV,4.26,2020,12,,502
Datsun,RediGo,Hatchback,3.98,2020,12,502,502
Honda,Amaze,Sedan,6.39,2020,12,4385,8638
Honda,City,Sedan,11.23,2020,12,2717,8638
Honda,Civic,Sedan,17.95,2020,12,,8638
Honda,CRV,MUV,20,2020,12,4,8638
Honda,Jazz,Hatchback,7.72,2020,12,602,8638
Honda,WRV,SUV,8.83,2020,12,930,8638
Hyundai,Creta,SUV,10.22,2020,12,10592,47400
Hyundai,Elantra,Sedan,17.86,2020,12,15,47400
Hyundai,Elite i20,Hatchback,5.57,2020,12,8004,47400
Hyundai,Grand i10,Hatchback,5,2020,12,10263,47400
Hyundai,Kona,Electric,23,2020,12,24,47400
Hyundai,Santro,Hatchback,3.13,2020,12,1960,47400
Hyundai,Tucson,SUV,23,2020,12,80,47400
Hyundai,Venue,SUV,7,2020,12,12313,47400
Hyundai,Verna,Sedan,8,2020,12,1036,47400
Hyundai,"Xcent, Aura",Sedan,6,2020,12,3113,47400
Jeep,Compass,SUV,17.79,2020,12,384,384
Jeep,Wrangler,SUV,56.33,2020,12,,384
Kia,Carnival,Van,25.48,2020,12,251,11818
Kia,Seltos,SUV,9.95,2020,12,5608,11818
Kia,Sonet,SUV,9.95,2020,12,5959,11818
Mahindra,Alturas G4,SUV,28.85,2020,12,9,18720
Mahindra,Bolero,SUV,8.99,2020,12,7723,18720
Mahindra,KUV100,SUV,6.19,2020,12,16,18720
Mahindra,Marazzo,SUV,12.79,2020,12,161,18720
Mahindra,Scorpio,SUV,13.18,2020,12,3417,18720
Mahindra,Thar,SUV,13.17,2020,12,2670,18720
Mahindra,TUV300,SUV,15,2020,12,,18720
Mahindra,"Verito, Vibe",Sedan,10,2020,12,,18720
Mahindra,XUV300,SUV,8.16,2020,12,3974,18720
Mahindra,XUV500,SUV,13,2020,12,750,18720
Maruti Suzuki,Alto,Hatchback,3.25,2020,12,18140,140754
Maruti Suzuki,Baleno,Hatchback,6.03,2020,12,18030,140754
Maruti Suzuki,Celerio,Hatchback,5.14,2020,12,6660,140754
Maruti Suzuki,Ciaz,Sedan,8.67,2020,12,1270,140754
Maruti Suzuki,Dzire,Sedan,6.09,2020,12,13868,140754
Maruti Suzuki,Eeco,Van,4.53,2020,12,11215,140754
Maruti Suzuki,Ertiga,MUV,8.11,2020,12,9177,140754
Maruti Suzuki,Gypsy,SUV,6.5,2020,12,,140754
Maruti Suzuki,Ignis,Hatchback,5.08,2020,12,3268,140754
Maruti Suzuki,S-Cross,SUV,8.6,2020,12,1185,140754
Maruti Suzuki,S-Presso,SUV,3.85,2020,12,6787,140754
Maruti Suzuki,Swift,Hatchback,5.9,2020,12,18131,140754
Maruti Suzuki,Vitara Brezza,SUV,7.68,2020,12,12251,140754
Maruti Suzuki,WagonR,Hatchback,5.16,2020,12,17684,140754
Maruti Suzuki,XL6,MUV,10.01,2020,12,3088,140754
MG,Gloster,SUV,30.99,2020,12,458,4010
MG,Hector,SUV,13.95,2020,12,3430,4010
MG,ZS EV,SUV,21.49,2020,12,122,4010
Nissan,Kicks,SUV,9.5,2020,12,97,657
Nissan,Magnite,SUV,5.77,2020,12,560,657
Renault,Captur,SUV,9.5,2020,12,,9800
Renault,Duster,SUV,9.85,2020,12,494,9800
Renault,Kwid,Hatchback,4.24,2020,12,4335,9800
Renault,Triber,MUV,5.67,2020,12,4971,9800
Skoda,Karoq,SUV,24.99,2020,12,4,1303
Skoda,Kodiaq,SUV,34.99,2020,12,,1303
Skoda,Octavia,Sedan,26.29,2020,12,22,1303
Skoda,Rapid,Sedan,11.99,2020,12,1015,1303
Skoda,Superb,Sedan,32.85,2020,12,262,1303
Tata,Altroz,Hatchback,5.99,2020,12,6600,23546
Tata,Harrier,SUV,14.49,2020,12,2223,23546
Tata,Hexa,MUV,13.69,2020,12,,23546
Tata,Nexon,SUV,7.39,2020,12,6835,23546
Tata,Tiago,Hatchback,5.19,2020,12,6066,23546
Tata,Tigor,Hatchback,5.79,2020,12,1822,23546
Toyota,Camry,Sedan,41.7,2020,12,33,7487
Toyota,Fortuner,MUV,31.38,2020,12,584,7487
Toyota,Glanza,Hatchback,7.69,2020,12,2102,7487
Toyota,Innova,MUV,17.3,2020,12,2764,7487
Toyota,Urban Cruiser,SUV,8.87,2020,12,1762,7487
Toyota,Vellfire,Van,89.85,2020,12,16,7487
Toyota,Yaris,Sedan,9.29,2020,12,226,7487
Volkswagen,Polo,Hatchback,6.49,2020,12,1805,2401
Volkswagen,Tiguan,SUV,11,2020,12,247,2401
Volkswagen,T-Roc,SUV,21.35,2020,12,1,2401
Volkswagen,Vento,Sedan,10,2020,12,348,2401
Datsun,Go,Hatchback,4.03,2021,1,30,840
Datsun,Go Plus,MUV,4.26,2021,1,30,840
Datsun,RediGo,Hatchback,3.98,2021,1,780,840
Honda,Amaze,Sedan,6.39,2021,1,5477,10319
Honda,City,Sedan,11.23,2021,1,2667,10319
Honda,Civic,Sedan,17.95,2021,1,,10319
Honda,CRV,MUV,20,2021,1,11,10319
Honda,Jazz,Hatchback,7.72,2021,1,953,10319
Honda,WRV,SUV,8.83,2021,1,1211,10319
Hyundai,Alcazar,SUV,16.34,2021,1,,52005
Hyundai,Creta,SUV,10.22,2021,1,12284,52005
Hyundai,Elantra,Sedan,17.86,2021,1,32,52005
Hyundai,Grand i10,Hatchback,5,2021,1,10865,52005
Hyundai,i20,Hatchback,4.88,2021,1,8505,52005
Hyundai,Kona,Electric,23,2021,1,21,52005
Hyundai,Santro,Hatchback,3.13,2021,1,2211,52005
Hyundai,Tucson,SUV,23,2021,1,125,52005
Hyundai,Venue,SUV,7,2021,1,11779,52005
Hyundai,Verna,Sedan,8,2021,1,2000,52005
Hyundai,"Xcent, Aura",Sedan,6,2021,1,4183,52005
Jeep,Compass,SUV,17.79,2021,1,394,394
Jeep,Wrangler,SUV,56.33,2021,1,,394
Kia,Carnival,Van,25.48,2021,1,328,19056
Kia,Seltos,SUV,9.95,2021,1,9869,19056
Kia,Sonet,SUV,9.95,2021,1,8859,19056
Mahindra,Alturas G4,SUV,28.85,2021,1,10,20498
Mahindra,Bolero,SUV,8.99,2021,1,7567,20498
Mahindra,KUV100,SUV,6.19,2021,1,11,20498
Mahindra,Marazzo,SUV,12.79,2021,1,175,20498
Mahindra,Scorpio,SUV,13.18,2021,1,4083,20498
Mahindra,Thar,SUV,13.17,2021,1,3152,20498
Mahindra,TUV300,SUV,15,2021,1,,20498
Mahindra,XUV300,SUV,8.16,2021,1,4612,20498
Mahindra,XUV500,SUV,13,2021,1,888,20498
Maruti Suzuki,Alto,Hatchback,3.25,2021,1,18260,139002
Maruti Suzuki,Baleno,Hatchback,6.03,2021,1,16648,139002
Maruti Suzuki,Celerio,Hatchback,5.14,2021,1,6963,139002
Maruti Suzuki,Ciaz,Sedan,8.67,2021,1,1347,139002
Maruti Suzuki,Dzire,Sedan,6.09,2021,1,15125,139002
Maruti Suzuki,Eeco,Van,4.53,2021,1,11680,139002
Maruti Suzuki,Ertiga,MUV,8.11,2021,1,9565,139002
Maruti Suzuki,Ignis,Hatchback,5.08,2021,1,3854,139002
Maruti Suzuki,S-Cross,SUV,8.6,2021,1,580,139002
Maruti Suzuki,S-Presso,SUV,3.85,2021,1,6893,139002
Maruti Suzuki,Swift,Hatchback,5.9,2021,1,17180,139002
Maruti Suzuki,Vitara Brezza,SUV,7.68,2021,1,10623,139002
Maruti Suzuki,WagonR,Hatchback,5.16,2021,1,17165,139002
Maruti Suzuki,XL6,MUV,10.01,2021,1,3119,139002
MG,Gloster,SUV,30.99,2021,1,475,3602
MG,Hector,SUV,13.95,2021,1,3003,3602
MG,ZS EV,SUV,21.49,2021,1,124,3602
Nissan,Kicks,SUV,9.5,2021,1,150,3181
Nissan,Magnite,SUV,5.77,2021,1,3031,3181
Renault,Duster,SUV,9.85,2021,1,336,8209
Renault,Kiger,SUV,5.79,2021,1,,8209
Renault,Kwid,Hatchback,4.24,2021,1,3791,8209
Renault,Triber,MUV,5.67,2021,1,4082,8209
Skoda,Karoq,SUV,24.99,2021,1,,1004
Skoda,Kodiaq,SUV,34.99,2021,1,,1004
Skoda,Octavia,Sedan,26.29,2021,1,8,1004
Skoda,Rapid,Sedan,11.99,2021,1,757,1004
Skoda,Superb,Sedan,32.85,2021,1,239,1004
Tata,Altroz,Hatchback,5.99,2021,1,7378,26980
Tata,Harrier,SUV,14.49,2021,1,2443,26980
Tata,Nexon,SUV,7.39,2021,1,8225,26980
Tata,Safari,MUV,14.99,2021,1,,26980
Tata,Tiago,Hatchback,5.19,2021,1,6909,26980
Tata,Tigor,Hatchback,5.79,2021,1,2025,26980
Toyota,Camry,Sedan,41.7,2021,1,45,11126
Toyota,Fortuner,MUV,31.38,2021,1,1169,11126
Toyota,Glanza,Hatchback,7.69,2021,1,2556,11126
Toyota,Innova,MUV,17.3,2021,1,3939,11126
Toyota,Urban Cruiser,SUV,8.87,2021,1,3005,11126
Toyota,Vellfire,Van,89.85,2021,1,,11126
Toyota,Yaris,Sedan,9.29,2021,1,412,11126
Volkswagen,Polo,Hatchback,6.49,2021,1,1747,2041
Volkswagen,Tiguan,SUV,11,2021,1,74,2041
Volkswagen,T-Roc,SUV,21.35,2021,1,,2041
Volkswagen,Vento,Sedan,10,2021,1,220,2041
Datsun,Go,Hatchback,4.03,2021,2,29,990
Datsun,Go Plus,MUV,4.26,2021,2,72,990
Datsun,RediGo,Hatchback,3.98,2021,2,889,990
Honda,Amaze,Sedan,6.39,2021,2,4939,9321
Honda,City,Sedan,11.23,2021,2,2524,9321
Honda,Civic,Sedan,17.95,2021,2,,9321
Honda,CRV,MUV,20,2021,2,1,9321
Honda,Jazz,Hatchback,7.72,2021,2,856,9321
Honda,WRV,SUV,8.83,2021,2,1001,9321
Hyundai,Alcazar,SUV,16.34,2021,2,,51600
Hyundai,Creta,SUV,10.22,2021,2,12428,51600
Hyundai,Elantra,Sedan,17.86,2021,2,40,51600
Hyundai,Grand i10,Hatchback,5,2021,2,10270,51600
Hyundai,i20,Hatchback,4.88,2021,2,9001,51600
Hyundai,Kona,Electric,23,2021,2,10,51600
Hyundai,Santro,Hatchback,3.13,2021,2,2128,51600
Hyundai,Tucson,SUV,23,2021,2,152,51600
Hyundai,Venue,SUV,7,2021,2,11224,51600
Hyundai,Verna,Sedan,8,2021,2,2047,51600
Hyundai,"Xcent, Aura",Sedan,6,2021,2,4300,51600
Jeep,Compass,SUV,17.79,2021,2,1103,1103
Jeep,Wrangler,SUV,56.33,2021,2,,1103
Kia,Carnival,Van,25.48,2021,2,400,16702
Kia,Seltos,SUV,9.95,2021,2,8305,16702
Kia,Sonet,SUV,9.95,2021,2,7997,16702
Mahindra,Alturas G4,SUV,28.85,2021,2,36,15380
Mahindra,Bolero,SUV,8.99,2021,2,4843,15380
Mahindra,KUV100,SUV,6.19,2021,2,4,15380
Mahindra,Marazzo,SUV,12.79,2021,2,120,15380
Mahindra,Scorpio,SUV,13.18,2021,2,3532,15380
Mahindra,Thar,SUV,13.17,2021,2,2842,15380
Mahindra,TUV300,SUV,15,2021,2,,15380
Mahindra,XUV300,SUV,8.16,2021,2,3174,15380
Mahindra,XUV500,SUV,13,2021,2,829,15380
Maruti Suzuki,Alto,Hatchback,3.25,2021,2,16919,144761
Maruti Suzuki,Baleno,Hatchback,6.03,2021,2,20070,144761
Maruti Suzuki,Celerio,Hatchback,5.14,2021,2,6214,144761
Maruti Suzuki,Ciaz,Sedan,8.67,2021,2,1510,144761
Maruti Suzuki,Dzire,Sedan,6.09,2021,2,11901,144761
Maruti Suzuki,Eeco,Van,4.53,2021,2,11891,144761
Maruti Suzuki,Ertiga,MUV,8.11,2021,2,9774,144761
Maruti Suzuki,Ignis,Hatchback,5.08,2021,2,3340,144761
Maruti Suzuki,S-Cross,SUV,8.6,2021,2,2505,144761
Maruti Suzuki,S-Presso,SUV,3.85,2021,2,7040,144761
Maruti Suzuki,Swift,Hatchback,5.9,2021,2,20264,144761
Maruti Suzuki,Vitara Brezza,SUV,7.68,2021,2,11585,144761
Maruti Suzuki,WagonR,Hatchback,5.16,2021,2,18728,144761
Maruti Suzuki,XL6,MUV,10.01,2021,2,3020,144761
MG,Gloster,SUV,30.99,2021,2,463,4329
MG,Hector,SUV,13.95,2021,2,3662,4329
MG,ZS EV,SUV,21.49,2021,2,204,4329
Nissan,Kicks,SUV,9.5,2021,2,263,3254
Nissan,Magnite,SUV,5.77,2021,2,2991,3254
Renault,Duster,SUV,9.85,2021,2,337,11043
Renault,Kiger,SUV,5.79,2021,2,3226,11043
Renault,Kwid,Hatchback,4.24,2021,2,3927,11043
Renault,Triber,MUV,5.67,2021,2,3553,11043
Skoda,Karoq,SUV,24.99,2021,2,2,853
Skoda,Kodiaq,SUV,34.99,2021,2,,853
Skoda,Octavia,Sedan,26.29,2021,2,2,853
Skoda,Rapid,Sedan,11.99,2021,2,614,853
Skoda,Superb,Sedan,32.85,2021,2,235,853
Tata,Altroz,Hatchback,5.99,2021,2,6832,27224
Tata,Harrier,SUV,14.49,2021,2,2030,27224
Tata,Nexon,SUV,7.39,2021,2,7929,27224
Tata,Safari,MUV,14.99,2021,2,1707,27224
Tata,Tiago,Hatchback,5.19,2021,2,6787,27224
Tata,Tigor,Hatchback,5.79,2021,2,1939,27224
Toyota,Camry,Sedan,41.7,2021,2,15,14069
Toyota,Fortuner,MUV,31.38,2021,2,2053,14069
Toyota,Glanza,Hatchback,7.69,2021,2,2743,14069
Toyota,Innova,MUV,17.3,2021,2,6018,14069
Toyota,Urban Cruiser,SUV,8.87,2021,2,2549,14069
Toyota,Vellfire,Van,89.85,2021,2,34,14069
Toyota,Yaris,Sedan,9.29,2021,2,657,14069
Volkswagen,Polo,Hatchback,6.49,2021,2,1937,2186
Volkswagen,Tiguan,SUV,11,2021,2,63,2186
Volkswagen,T-Roc,SUV,21.35,2021,2,,2186
Volkswagen,Vento,Sedan,10,2021,2,186,2186
Datsun,Go,Hatchback,4.03,2021,3,19,884
Datsun,Go Plus,MUV,4.26,2021,3,30,884
Datsun,RediGo,Hatchback,3.98,2021,3,835,884
Honda,Amaze,Sedan,6.39,2021,3,4596,7103
Honda,City,Sedan,11.23,2021,3,815,7103
Honda,Civic,Sedan,17.95,2021,3,6,7103
Honda,CRV,MUV,20,2021,3,1,7103
Honda,Jazz,Hatchback,7.72,2021,3,707,7103
Honda,WRV,SUV,8.83,2021,3,978,7103
Hyundai,Alcazar,SUV,16.34,2021,3,,52600
Hyundai,Creta,SUV,10.22,2021,3,12640,52600
Hyundai,Elantra,Sedan,17.86,2021,3,53,52600
Hyundai,Grand i10,Hatchback,5,2021,3,11020,52600
Hyundai,i20,Hatchback,4.88,2021,3,9045,52600
Hyundai,Kona,Electric,23,2021,3,11,52600
Hyundai,Santro,Hatchback,3.13,2021,3,2165,52600
Hyundai,Tucson,SUV,23,2021,3,143,52600
Hyundai,Venue,SUV,7,2021,3,10722,52600
Hyundai,Verna,Sedan,8,2021,3,2778,52600
Hyundai,"Xcent, Aura",Sedan,6,2021,3,4023,52600
Jeep,Compass,SUV,17.79,2021,3,1360,1360
Jeep,Wrangler,SUV,56.33,2021,3,,1360
Kia,Carnival,Van,25.48,2021,3,45,19100
Kia,Seltos,SUV,9.95,2021,3,10557,19100
Kia,Sonet,SUV,9.95,2021,3,8498,19100
Mahindra,Alturas G4,SUV,28.85,2021,3,49,16643
Mahindra,Bolero,SUV,8.99,2021,3,8905,16643
Mahindra,KUV100,SUV,6.19,2021,3,1,16643
Mahindra,Marazzo,SUV,12.79,2021,3,255,16643
Mahindra,Scorpio,SUV,13.18,2021,3,2331,16643
Mahindra,Thar,SUV,13.17,2021,3,1912,16643
Mahindra,TUV300,SUV,15,2021,3,,16643
Mahindra,XUV300,SUV,8.16,2021,3,2587,16643
Mahindra,XUV500,SUV,13,2021,3,603,16643
Maruti Suzuki,Alto,Hatchback,3.25,2021,3,17401,146203
Maruti Suzuki,Baleno,Hatchback,6.03,2021,3,21217,146203
Maruti Suzuki,Celerio,Hatchback,5.14,2021,3,4720,146203
Maruti Suzuki,Ciaz,Sedan,8.67,2021,3,1628,146203
Maruti Suzuki,Dzire,Sedan,6.09,2021,3,11434,146203
Maruti Suzuki,Eeco,Van,4.53,2021,3,11547,146203
Maruti Suzuki,Ertiga,MUV,8.11,2021,3,9303,146203
Maruti Suzuki,Ignis,Hatchback,5.08,2021,3,4359,146203
Maruti Suzuki,S-Cross,SUV,8.6,2021,3,2535,146203
Maruti Suzuki,S-Presso,SUV,3.85,2021,3,7252,146203
Maruti Suzuki,Swift,Hatchback,5.9,2021,3,21714,146203
Maruti Suzuki,Vitara Brezza,SUV,7.68,2021,3,11274,146203
Maruti Suzuki,WagonR,Hatchback,5.16,2021,3,18757,146203
Maruti Suzuki,XL6,MUV,10.01,2021,3,3062,146203
MG,Gloster,SUV,30.99,2021,3,505,5528
MG,Hector,SUV,13.95,2021,3,4720,5528
MG,ZS EV,SUV,21.49,2021,3,303,5528
Nissan,Kicks,SUV,9.5,2021,3,141,3128
Nissan,Magnite,SUV,5.77,2021,3,2987,3128
Renault,Duster,SUV,9.85,2021,3,252,12356
Renault,Kiger,SUV,5.79,2021,3,3839,12356
Renault,Kwid,Hatchback,4.24,2021,3,4132,12356
Renault,Triber,MUV,5.67,2021,3,4133,12356
Skoda,Karoq,SUV,24.99,2021,3,1,1159
Skoda,Kodiaq,SUV,34.99,2021,3,,1159
Skoda,Octavia,Sedan,26.29,2021,3,5,1159
Skoda,Rapid,Sedan,11.99,2021,3,903,1159
Skoda,Superb,Sedan,32.85,2021,3,250,1159
Tata,Altroz,Hatchback,5.99,2021,3,7550,29655
Tata,Harrier,SUV,14.49,2021,3,2284,29655
Tata,Nexon,SUV,7.39,2021,3,8683,29655
Tata,Safari,MUV,14.99,2021,3,2148,29655
Tata,Tiago,Hatchback,5.19,2021,3,6893,29655
Tata,Tigor,Hatchback,5.79,2021,3,2097,29655
Toyota,Camry,Sedan,41.7,2021,3,31,14997
Toyota,Fortuner,MUV,31.38,2021,3,2136,14997
Toyota,Glanza,Hatchback,7.69,2021,3,2989,14997
Toyota,Innova,MUV,17.3,2021,3,5743,14997
Toyota,Urban Cruiser,SUV,8.87,2021,3,3162,14997
Toyota,Vellfire,Van,89.85,2021,3,65,14997
Toyota,Yaris,Sedan,9.29,2021,3,871,14997
Volkswagen,Polo,Hatchback,6.49,2021,3,1888,2025
Volkswagen,Tiguan,SUV,11,2021,3,,2025
Volkswagen,T-Roc,SUV,21.35,2021,3,,2025
Volkswagen,Vento,Sedan,10,2021,3,137,2025
Datsun,Go,Hatchback,4.03,2021,4,30,407
Datsun,Go Plus,MUV,4.26,2021,4,31,407
Datsun,RediGo,Hatchback,3.98,2021,4,346,407
Honda,Amaze,Sedan,6.39,2021,4,3920,9072
Honda,City,Sedan,11.23,2021,4,3128,9072
Honda,Civic,Sedan,17.95,2021,4,,9072
Honda,CRV,MUV,20,2021,4,,9072
Honda,Jazz,Hatchback,7.72,2021,4,830,9072
Honda,WRV,SUV,8.83,2021,4,1194,9072
Hyundai,Alcazar,SUV,16.34,2021,4,,49002
Hyundai,Creta,SUV,10.22,2021,4,12463,49002
Hyundai,Elantra,Sedan,17.86,2021,4,53,49002
Hyundai,Grand i10,Hatchback,5,2021,4,11540,49002
Hyundai,i20,Hatchback,4.88,2021,4,5002,49002
Hyundai,Kona,Electric,23,2021,4,12,49002
Hyundai,Santro,Hatchback,3.13,2021,4,2683,49002
Hyundai,Tucson,SUV,23,2021,4,105,49002
Hyundai,Venue,SUV,7,2021,4,11245,49002
Hyundai,Verna,Sedan,8,2021,4,2552,49002
Hyundai,"Xcent, Aura",Sedan,6,2021,4,3347,49002
Jeep,Compass,SUV,17.79,2021,4,846,846
Jeep,Wrangler,SUV,56.33,2021,4,,846
Kia,Carnival,Van,25.48,2021,4,301,16111
Kia,Seltos,SUV,9.95,2021,4,8086,16111
Kia,Sonet,SUV,9.95,2021,4,7724,16111
Mahindra,Alturas G4,SUV,28.85,2021,4,24,18186
Mahindra,Bolero,SUV,8.99,2021,4,6152,18186
Mahindra,KUV100,SUV,6.19,2021,4,5,18186
Mahindra,Marazzo,SUV,12.79,2021,4,161,18186
Mahindra,Scorpio,SUV,13.18,2021,4,3577,18186
Mahindra,Thar,SUV,13.17,2021,4,3406,18186
Mahindra,TUV300,SUV,15,2021,4,,18186
Mahindra,XUV300,SUV,8.16,2021,4,4144,18186
Mahindra,XUV500,SUV,13,2021,4,717,18186
Maruti Suzuki,Alto,Hatchback,3.25,2021,4,17303,135879
Maruti Suzuki,Baleno,Hatchback,6.03,2021,4,16384,135879
Maruti Suzuki,Celerio,Hatchback,5.14,2021,4,367,135879
Maruti Suzuki,Ciaz,Sedan,8.67,2021,4,1567,135879
Maruti Suzuki,Dzire,Sedan,6.09,2021,4,14073,135879
Maruti Suzuki,Eeco,Van,4.53,2021,4,11469,135879
Maruti Suzuki,Ertiga,MUV,8.11,2021,4,8644,135879
Maruti Suzuki,Ignis,Hatchback,5.08,2021,4,4522,135879
Maruti Suzuki,S-Cross,SUV,8.6,2021,4,2247,135879
Maruti Suzuki,S-Presso,SUV,3.85,2021,4,7738,135879
Maruti Suzuki,Swift,Hatchback,5.9,2021,4,18316,135879
Maruti Suzuki,Vitara Brezza,SUV,7.68,2021,4,11220,135879
Maruti Suzuki,WagonR,Hatchback,5.16,2021,4,18656,135879
Maruti Suzuki,XL6,MUV,10.01,2021,4,3373,135879
MG,Gloster,SUV,30.99,2021,4,302,2605
MG,Hector,SUV,13.95,2021,4,2147,2605
MG,ZS EV,SUV,21.49,2021,4,156,2605
Nissan,Kicks,SUV,9.5,2021,4,58,2964
Nissan,Magnite,SUV,5.77,2021,4,2904,2964
Renault,Duster,SUV,9.85,2021,4,180,8642
Renault,Kiger,SUV,5.79,2021,4,2800,8642
Renault,Kwid,Hatchback,4.24,2021,4,3236,8642
Renault,Triber,MUV,5.67,2021,4,2426,8642
Skoda,Karoq,SUV,24.99,2021,4,3,961
Skoda,Kodiaq,SUV,34.99,2021,4,,961
Skoda,Octavia,Sedan,26.29,2021,4,5,961
Skoda,Rapid,Sedan,11.99,2021,4,848,961
Skoda,Superb,Sedan,32.85,2021,4,105,961
Tata,Altroz,Hatchback,5.99,2021,4,6649,25096
Tata,Harrier,SUV,14.49,2021,4,1712,25096
Tata,Nexon,SUV,7.39,2021,4,6938,25096
Tata,Safari,MUV,14.99,2021,4,1514,25096
Tata,Tiago,Hatchback,5.19,2021,4,6656,25096
Tata,Tigor,Hatchback,5.79,2021,4,1627,25096
Toyota,Camry,Sedan,41.7,2021,4,,9621
Toyota,Fortuner,MUV,31.38,2021,4,1414,9621
Toyota,Glanza,Hatchback,7.69,2021,4,2182,9621
Toyota,Innova,MUV,17.3,2021,4,3600,9621
Toyota,Urban Cruiser,SUV,8.87,2021,4,2115,9621
Toyota,Vellfire,Van,89.85,2021,4,25,9621
Toyota,Yaris,Sedan,9.29,2021,4,285,9621
Volkswagen,Polo,Hatchback,6.49,2021,4,1197,1533
Volkswagen,Tiguan,SUV,11,2021,4,,1533
Volkswagen,T-Roc,SUV,21.35,2021,4,166,1533
Volkswagen,Vento,Sedan,10,2021,4,170,1533
Datsun,Go,Hatchback,4.03,2021,5,1,23
Datsun,Go Plus,MUV,4.26,2021,5,,23
Datsun,RediGo,Hatchback,3.98,2021,5,22,23
Honda,Amaze,Sedan,6.39,2021,5,478,2032
Honda,City,Sedan,11.23,2021,5,1148,2032
Honda,Civic,Sedan,17.95,2021,5,,2032
Honda,CRV,MUV,20,2021,5,,2032
Honda,Jazz,Hatchback,7.72,2021,5,214,2032
Honda,WRV,SUV,8.83,2021,5,192,2032
Hyundai,Alcazar,SUV,16.34,2021,5,1360,25001
Hyundai,Creta,SUV,10.22,2021,5,7527,25001
Hyundai,Elantra,Sedan,17.86,2021,5,9,25001
Hyundai,Grand i10,Hatchback,5,2021,5,3804,25001
Hyundai,i20,Hatchback,4.88,2021,5,3440,25001
Hyundai,Kona,Electric,23,2021,5,7,25001
Hyundai,Santro,Hatchback,3.13,2021,5,1122,25001
Hyundai,Tucson,SUV,23,2021,5,74,25001
Hyundai,Venue,SUV,7,2021,5,4840,25001
Hyundai,Verna,Sedan,8,2021,5,1181,25001
Hyundai,"Xcent, Aura",Sedan,6,2021,5,1637,25001
Jeep,Compass,SUV,17.79,2021,5,475,475
Jeep,Wrangler,SUV,56.33,2021,5,,475
Kia,Carnival,Van,25.48,2021,5,146,11050
Kia,Seltos,SUV,9.95,2021,5,4277,11050
Kia,Sonet,SUV,9.95,2021,5,6627,11050
Mahindra,Alturas G4,SUV,28.85,2021,5,9,7748
Mahindra,Bolero,SUV,8.99,2021,5,3517,7748
Mahindra,KUV100,SUV,6.19,2021,5,1,7748
Mahindra,Marazzo,SUV,12.79,2021,5,60,7748
Mahindra,Scorpio,SUV,13.18,2021,5,1782,7748
Mahindra,Thar,SUV,13.17,2021,5,1911,7748
Mahindra,TUV300,SUV,15,2021,5,,7748
Mahindra,XUV300,SUV,8.16,2021,5,251,7748
Mahindra,XUV500,SUV,13,2021,5,217,7748
Maruti Suzuki,Alto,Hatchback,3.25,2021,5,3220,32903
Maruti Suzuki,Baleno,Hatchback,6.03,2021,5,4803,32903
Maruti Suzuki,Celerio,Hatchback,5.14,2021,5,159,32903
Maruti Suzuki,Ciaz,Sedan,8.67,2021,5,349,32903
Maruti Suzuki,Dzire,Sedan,6.09,2021,5,5819,32903
Maruti Suzuki,Eeco,Van,4.53,2021,5,1096,32903
Maruti Suzuki,Ertiga,MUV,8.11,2021,5,2694,32903
Maruti Suzuki,Ignis,Hatchback,5.08,2021,5,471,32903
Maruti Suzuki,S-Cross,SUV,8.6,2021,5,231,32903
Maruti Suzuki,S-Presso,SUV,3.85,2021,5,1540,32903
Maruti Suzuki,Swift,Hatchback,5.9,2021,5,7005,32903
Maruti Suzuki,Vitara Brezza,SUV,7.68,2021,5,2648,32903
Maruti Suzuki,WagonR,Hatchback,5.16,2021,5,2086,32903
Maruti Suzuki,XL6,MUV,10.01,2021,5,782,32903
MG,Gloster,SUV,30.99,2021,5,129,1444
MG,Hector,SUV,13.95,2021,5,1231,1444
MG,ZS EV,SUV,21.49,2021,5,84,1444
Nissan,Kicks,SUV,9.5,2021,5,12,1212
Nissan,Magnite,SUV,5.77,2021,5,1200,1212
Renault,Duster,SUV,9.85,2021,5,32,2620
Renault,Kiger,SUV,5.79,2021,5,1326,2620
Renault,Kwid,Hatchback,4.24,2021,5,738,2620
Renault,Triber,MUV,5.67,2021,5,524,2620
Skoda,Karoq,SUV,24.99,2021,5,1,716
Skoda,Kodiaq,SUV,34.99,2021,5,,716
Skoda,Octavia,Sedan,26.29,2021,5,102,716
Skoda,Rapid,Sedan,11.99,2021,5,603,716
Skoda,Superb,Sedan,32.85,2021,5,10,716
Tata,Altroz,Hatchback,5.99,2021,5,2896,15180
Tata,Harrier,SUV,14.49,2021,5,1360,15180
Tata,Nexon,SUV,7.39,2021,5,6439,15180
Tata,Safari,MUV,14.99,2021,5,1536,15180
Tata,Tiago,Hatchback,5.19,2021,5,2582,15180
Tata,Tigor,Hatchback,5.79,2021,5,367,15180
Toyota,Camry,Sedan,41.7,2021,5,,707
Toyota,Fortuner,MUV,31.38,2021,5,15,707
Toyota,Glanza,Hatchback,7.69,2021,5,298,707
Toyota,Innova,MUV,17.3,2021,5,20,707
Toyota,Urban Cruiser,SUV,8.87,2021,5,373,707
Toyota,Vellfire,Van,89.85,2021,5,1,707
Toyota,Yaris,Sedan,9.29,2021,5,,707
Volkswagen,Polo,Hatchback,6.49,2021,5,1107,1425
Volkswagen,Tiguan,SUV,11,2021,5,,1425
Volkswagen,T-Roc,SUV,21.35,2021,5,149,1425
Volkswagen,Vento,Sedan,10,2021,5,169,1425
Datsun,Go,Hatchback,4.03,2021,6,6,167
Datsun,Go Plus,MUV,4.26,2021,6,12,167
Datsun,RediGo,Hatchback,3.98,2021,6,149,167
Honda,Amaze,Sedan,6.39,2021,6,1487,4767
Honda,City,Sedan,11.23,2021,6,2571,4767
Honda,Civic,Sedan,17.95,2021,6,,4767
Honda,CRV,MUV,20,2021,6,,4767
Honda,Jazz,Hatchback,7.72,2021,6,243,4767
Honda,WRV,SUV,8.83,2021,6,466,4767
Hyundai,Alcazar,SUV,16.34,2021,6,3103,40496
Hyundai,Creta,SUV,10.22,2021,6,9941,40496
Hyundai,Elantra,Sedan,17.86,2021,6,29,40496
Hyundai,Grand i10,Hatchback,5,2021,6,8787,40496
Hyundai,i20,Hatchback,4.88,2021,6,6333,40496
Hyundai,Kona,Electric,23,2021,6,7,40496
Hyundai,Santro,Hatchback,3.13,2021,6,2039,40496
Hyundai,Tucson,SUV,23,2021,6,85,40496
Hyundai,Venue,SUV,7,2021,6,4865,40496
Hyundai,Verna,Sedan,8,2021,6,2181,40496
Hyundai,"Xcent, Aura",Sedan,6,2021,6,3126,40496
Jeep,Compass,SUV,17.79,2021,6,789,789
Jeep,Wrangler,SUV,56.33,2021,6,,789
Kia,Carnival,Van,25.48,2021,6,503,15015
Kia,Seltos,SUV,9.95,2021,6,8549,15015
Kia,Sonet,SUV,9.95,2021,6,5963,15015
Mahindra,Alturas G4,SUV,28.85,2021,6,16,16636
Mahindra,Bolero,SUV,8.99,2021,6,5744,16636
Mahindra,KUV100,SUV,6.19,2021,6,1,16636
Mahindra,Marazzo,SUV,12.79,2021,6,402,16636
Mahindra,Scorpio,SUV,13.18,2021,6,4160,16636
Mahindra,Thar,SUV,13.17,2021,6,1065,16636
Mahindra,TUV300,SUV,15,2021,6,,16636
Mahindra,XUV300,SUV,8.16,2021,6,4615,16636
Mahindra,XUV500,SUV,13,2021,6,633,16636
Maruti Suzuki,Alto,Hatchback,3.25,2021,6,12513,124280
Maruti Suzuki,Baleno,Hatchback,6.03,2021,6,14701,124280
Maruti Suzuki,Celerio,Hatchback,5.14,2021,6,752,124280
Maruti Suzuki,Ciaz,Sedan,8.67,2021,6,602,124280
Maruti Suzuki,Dzire,Sedan,6.09,2021,6,12639,124280
Maruti Suzuki,Eeco,Van,4.53,2021,6,9218,124280
Maruti Suzuki,Ertiga,MUV,8.11,2021,6,9920,124280
Maruti Suzuki,Ignis,Hatchback,5.08,2021,6,3583,124280
Maruti Suzuki,S-Cross,SUV,8.6,2021,6,1441,124280
Maruti Suzuki,S-Presso,SUV,3.85,2021,6,4926,124280
Maruti Suzuki,Swift,Hatchback,5.9,2021,6,17727,124280
Maruti Suzuki,Vitara Brezza,SUV,7.68,2021,6,12833,124280
Maruti Suzuki,WagonR,Hatchback,5.16,2021,6,19447,124280
Maruti Suzuki,XL6,MUV,10.01,2021,6,3978,124280
MG,Gloster,SUV,30.99,2021,6,306,3558
MG,Hector,SUV,13.95,2021,6,3002,3558
MG,ZS EV,SUV,21.49,2021,6,250,3558
Nissan,Kicks,SUV,9.5,2021,6,84,3336
Nissan,Magnite,SUV,5.77,2021,6,3252,3336
Renault,Duster,SUV,9.85,2021,6,114,6100
Renault,Kiger,SUV,5.79,2021,6,2035,6100
Renault,Kwid,Hatchback,4.24,2021,6,2161,6100
Renault,Triber,MUV,5.67,2021,6,1790,6100
Skoda,Karoq,SUV,24.99,2021,6,1,734
Skoda,Kodiaq,SUV,34.99,2021,6,,734
Skoda,Octavia,Sedan,26.29,2021,6,162,734
Skoda,Rapid,Sedan,11.99,2021,6,454,734
Skoda,Superb,Sedan,32.85,2021,6,117,734
Tata,Altroz,Hatchback,5.99,2021,6,6350,24111
Tata,Harrier,SUV,14.49,2021,6,2041,24111
Tata,Nexon,SUV,7.39,2021,6,8033,24111
Tata,Safari,MUV,14.99,2021,6,1730,24111
Tata,Tiago,Hatchback,5.19,2021,6,4881,24111
Tata,Tigor,Hatchback,5.79,2021,6,1076,24111
Toyota,Camry,Sedan,41.7,2021,6,38,8798
Toyota,Fortuner,MUV,31.38,2021,6,549,8798
Toyota,Glanza,Hatchback,7.69,2021,6,2586,8798
Toyota,Innova,MUV,17.3,2021,6,2973,8798
Toyota,Urban Cruiser,SUV,8.87,2021,6,2584,8798
Toyota,Vellfire,Van,89.85,2021,6,63,8798
Toyota,Yaris,Sedan,9.29,2021,6,5,8798
Volkswagen,Polo,Hatchback,6.49,2021,6,1303,1633
Volkswagen,Tiguan,SUV,11,2021,6,,1633
Volkswagen,T-Roc,SUV,21.35,2021,6,152,1633
Volkswagen,Vento,Sedan,10,2021,6,178,1633
Datsun,Go,Hatchback,4.03,2021,7,1,51
Datsun,Go Plus,MUV,4.26,2021,7,13,51
Datsun,RediGo,Hatchback,3.98,2021,7,37,51
Honda,Amaze,Sedan,6.39,2021,7,1134,6055
Honda,City,Sedan,11.23,2021,7,3627,6055
Honda,Jazz,Hatchback,7.72,2021,7,586,6055
Honda,WRV,SUV,8.83,2021,7,708,6055
Hyundai,Alcazar,SUV,16.34,2021,7,3001,48042
Hyundai,Creta,SUV,10.22,2021,7,13000,48042
Hyundai,Elantra,Sedan,17.86,2021,7,15,48042
Hyundai,Grand i10,Hatchback,5,2021,7,9379,48042
Hyundai,i20,Hatchback,4.88,2021,7,6518,48042
Hyundai,Kona,Electric,23,2021,7,23,48042
Hyundai,Santro,Hatchback,3.13,2021,7,1949,48042
Hyundai,Tucson,SUV,23,2021,7,111,48042
Hyundai,Venue,SUV,7,2021,7,8185,48042
Hyundai,Verna,Sedan,8,2021,7,1827,48042
Hyundai,"Xcent, Aura",Sedan,6,2021,7,4034,48042
Jeep,Compass,SUV,17.79,2021,7,909,909
Jeep,Wrangler,SUV,56.33,2021,7,,909
Kia,Carnival,Van,25.48,2021,7,358,15016
Kia,Seltos,SUV,9.95,2021,7,6983,15016
Kia,Sonet,SUV,9.95,2021,7,7675,15016
Mahindra,Alturas G4,SUV,28.85,2021,7,44,20797
Mahindra,Bolero,SUV,8.99,2021,7,6491,20797
Mahindra,KUV100,SUV,6.19,2021,7,7,20797
Mahindra,Marazzo,SUV,12.79,2021,7,279,20797
Mahindra,Scorpio,SUV,13.18,2021,7,3855,20797
Mahindra,Thar,SUV,13.17,2021,7,3203,20797
Mahindra,"Verito, Vibe",Sedan,10,2021,7,,20797
Mahindra,XUV300,SUV,8.16,2021,7,6027,20797
Mahindra,XUV500,SUV,13,2021,7,891,20797
Mahindra,XUV700,SUV,12.96,2021,7,,20797
Maruti Suzuki,Alto,Hatchback,3.25,2021,7,12867,133732
Maruti Suzuki,Baleno,Hatchback,6.03,2021,7,14729,133732
Maruti Suzuki,Celerio,Hatchback,5.14,2021,7,2,133732
Maruti Suzuki,Ciaz,Sedan,8.67,2021,7,1450,133732
Maruti Suzuki,Dzire,Sedan,6.09,2021,7,10470,133732
Maruti Suzuki,Eeco,Van,4.53,2021,7,10057,133732
Maruti Suzuki,Ertiga,MUV,8.11,2021,7,13434,133732
Maruti Suzuki,Ignis,Hatchback,5.08,2021,7,3797,133732
Maruti Suzuki,S-Cross,SUV,8.6,2021,7,1972,133732
Maruti Suzuki,S-Presso,SUV,3.85,2021,7,6818,133732
Maruti Suzuki,Swift,Hatchback,5.9,2021,7,18434,133732
Maruti Suzuki,Vitara Brezza,SUV,7.68,2021,7,12676,133732
Maruti Suzuki,WagonR,Hatchback,5.16,2021,7,22836,133732
Maruti Suzuki,XL6,MUV,10.01,2021,7,4190,133732
MG,Astor,SUV,9.98,2021,7,,4225
MG,Gloster,SUV,30.99,2021,7,363,4225
MG,Hector,SUV,13.95,2021,7,3565,4225
MG,ZS EV,SUV,21.49,2021,7,297,4225
Nissan,Kicks,SUV,9.5,2021,7,135,4208
Nissan,Magnite,SUV,5.77,2021,7,4073,4208
Renault,Duster,SUV,9.85,2021,7,128,9787
Renault,Kiger,SUV,5.79,2021,7,3557,9787
Renault,Kwid,Hatchback,4.24,2021,7,3287,9787
Renault,Triber,MUV,5.67,2021,7,2815,9787
Skoda,Karoq,SUV,24.99,2021,7,,3080
Skoda,Kodiaq,SUV,34.99,2021,7,,3080
Skoda,Kushaq,SUV,10.98,2021,7,1822,3080
Skoda,Octavia,Sedan,26.29,2021,7,219,3080
Skoda,Rapid,Sedan,11.99,2021,7,793,3080
Skoda,Superb,Sedan,32.85,2021,7,246,3080
Tata,Altroz,Hatchback,5.99,2021,7,6980,30184
Tata,Harrier,SUV,14.49,2021,7,2666,30184
Tata,Nexon,SUV,7.39,2021,7,10287,30184
Tata,Punch,SUV,5.56,2021,7,,30184
Tata,Safari,MUV,14.99,2021,7,1821,30184
Tata,Tiago,Hatchback,5.19,2021,7,6794,30184
Tata,Tigor,Hatchback,5.79,2021,7,1636,30184
Toyota,Camry,Sedan,41.7,2021,7,101,13103
Toyota,Fortuner,MUV,31.38,2021,7,1789,13103
Toyota,Glanza,Hatchback,7.69,2021,7,2636,13103
Toyota,Innova,MUV,17.3,2021,7,6093,13103
Toyota,Urban Cruiser,SUV,8.87,2021,7,2448,13103
Toyota,Vellfire,Van,89.85,2021,7,31,13103
Toyota,Yaris,Sedan,9.29,2021,7,5,13103
Volkswagen,Polo,Hatchback,6.49,2021,7,1616,1962
Volkswagen,Taigun,SUV,11,2021,7,,1962
Volkswagen,Tiguan,SUV,11,2021,7,,1962
Volkswagen,T-Roc,SUV,21.35,2021,7,160,1962
Volkswagen,Vento,Sedan,10,2021,7,186,1962
Datsun,Go,Hatchback,4.03,2021,8,3,39
Datsun,Go Plus,MUV,4.26,2021,8,4,39
Datsun,RediGo,Hatchback,3.98,2021,8,32,39
Honda,Amaze,Sedan,6.39,2021,8,6591,11177
Honda,City,Sedan,11.23,2021,8,3284,11177
Honda,Jazz,Hatchback,7.72,2021,8,630,11177
Honda,WRV,SUV,8.83,2021,8,672,11177
Hyundai,Alcazar,SUV,16.34,2021,8,3468,46866
Hyundai,Creta,SUV,10.22,2021,8,12597,46866
Hyundai,Elantra,Sedan,17.86,2021,8,20,46866
Hyundai,Grand i10,Hatchback,5,2021,8,8023,46866
Hyundai,i20,Hatchback,4.88,2021,8,7340,46866
Hyundai,Kona,Electric,23,2021,8,1,46866
Hyundai,Santro,Hatchback,3.13,2021,8,1731,46866
Hyundai,Tucson,SUV,23,2021,8,117,46866
Hyundai,Venue,SUV,7,2021,8,8377,46866
Hyundai,Verna,Sedan,8,2021,8,2098,46866
Hyundai,"Xcent, Aura",Sedan,6,2021,8,3094,46866
Jeep,Compass,SUV,17.79,2021,8,1173,1173
Jeep,Wrangler,SUV,56.33,2021,8,,1173
Kia,Carnival,Van,25.48,2021,8,379,16750
Kia,Seltos,SUV,9.95,2021,8,8619,16750
Kia,Sonet,SUV,9.95,2021,8,7752,16750
Mahindra,Alturas G4,SUV,28.85,2021,8,42,15786
Mahindra,Bolero,SUV,8.99,2021,8,3218,15786
Mahindra,KUV100,SUV,6.19,2021,8,2,15786
Mahindra,Marazzo,SUV,12.79,2021,8,181,15786
Mahindra,Scorpio,SUV,13.18,2021,8,2606,15786
Mahindra,Thar,SUV,13.17,2021,8,3493,15786
Mahindra,"Verito, Vibe",Sedan,10,2021,8,,15786
Mahindra,XUV300,SUV,8.16,2021,8,5861,15786
Mahindra,XUV500,SUV,13,2021,8,383,15786
Mahindra,XUV700,SUV,12.96,2021,8,,15786
Maruti Suzuki,Alto,Hatchback,3.25,2021,8,13236,103187
Maruti Suzuki,Baleno,Hatchback,6.03,2021,8,15646,103187
Maruti Suzuki,Celerio,Hatchback,5.14,2021,8,53,103187
Maruti Suzuki,Ciaz,Sedan,8.67,2021,8,2146,103187
Maruti Suzuki,Dzire,Sedan,6.09,2021,8,5714,103187
Maruti Suzuki,Eeco,Van,4.53,2021,8,10666,103187
Maruti Suzuki,Ertiga,MUV,8.11,2021,8,6251,103187
Maruti Suzuki,Ignis,Hatchback,5.08,2021,8,2053,103187
Maruti Suzuki,S-Cross,SUV,8.6,2021,8,2522,103187
Maruti Suzuki,S-Presso,SUV,3.85,2021,8,7225,103187
Maruti Suzuki,Swift,Hatchback,5.9,2021,8,12483,103187
Maruti Suzuki,Vitara Brezza,SUV,7.68,2021,8,12906,103187
Maruti Suzuki,WagonR,Hatchback,5.16,2021,8,9628,103187
Maruti Suzuki,XL6,MUV,10.01,2021,8,2658,103187
MG,Astor,SUV,9.98,2021,8,,3900
MG,Gloster,SUV,30.99,2021,8,351,3900
MG,Hector,SUV,13.95,2021,8,3276,3900
MG,ZS EV,SUV,21.49,2021,8,273,3900
Nissan,Kicks,SUV,9.5,2021,8,186,3170
Nissan,Magnite,SUV,5.77,2021,8,2984,3170
Renault,Duster,SUV,9.85,2021,8,153,9703
Renault,Kiger,SUV,5.79,2021,8,2669,9703
Renault,Kwid,Hatchback,4.24,2021,8,2969,9703
Renault,Triber,MUV,5.67,2021,8,3912,9703
Skoda,Karoq,SUV,24.99,2021,8,,3829
Skoda,Kodiaq,SUV,34.99,2021,8,,3829
Skoda,Kushaq,SUV,10.98,2021,8,2904,3829
Skoda,Octavia,Sedan,26.29,2021,8,150,3829
Skoda,Rapid,Sedan,11.99,2021,8,595,3829
Skoda,Superb,Sedan,32.85,2021,8,180,3829
Tata,Altroz,Hatchback,5.99,2021,8,6175,28017
Tata,Harrier,SUV,14.49,2021,8,2743,28017
Tata,Nexon,SUV,7.39,2021,8,10006,28017
Tata,Punch,SUV,5.56,2021,8,,28017
Tata,Safari,MUV,14.99,2021,8,1762,28017
Tata,Tiago,Hatchback,5.19,2021,8,5658,28017
Tata,Tigor,Hatchback,5.79,2021,8,1673,28017
Toyota,Camry,Sedan,41.7,2021,8,87,12769
Toyota,Fortuner,MUV,31.38,2021,8,2387,12769
Toyota,Glanza,Hatchback,7.69,2021,8,1832,12769
Toyota,Innova,MUV,17.3,2021,8,5755,12769
Toyota,Urban Cruiser,SUV,8.87,2021,8,2654,12769
Toyota,Vellfire,Van,89.85,2021,8,54,12769
Toyota,Yaris,Sedan,9.29,2021,8,,12769
Volkswagen,Polo,Hatchback,6.49,2021,8,1306,1631
Volkswagen,Taigun,SUV,11,2021,8,,1631
Volkswagen,Tiguan,SUV,11,2021,8,,1631
Volkswagen,T-Roc,SUV,21.35,2021,8,150,1631
Volkswagen,Vento,Sedan,10,2021,8,175,1631
Datsun,Go,Hatchback,4.03,2021,9,8,115
Datsun,Go Plus,MUV,4.26,2021,9,29,115
Datsun,RediGo,Hatchback,3.98,2021,9,78,115
Honda,Amaze,Sedan,6.39,2021,9,2063,6765
Honda,City,Sedan,11.23,2021,9,3348,6765
Honda,Jazz,Hatchback,7.72,2021,9,667,6765
Honda,WRV,SUV,8.83,2021,9,687,6765
Hyundai,Alcazar,SUV,16.34,2021,9,1929,33087
Hyundai,Creta,SUV,10.22,2021,9,8193,33087
Hyundai,Elantra,Sedan,17.86,2021,9,41,33087
Hyundai,Grand i10,Hatchback,5,2021,9,4168,33087
Hyundai,i20,Hatchback,4.88,2021,9,5153,33087
Hyundai,Kona,Electric,23,2021,9,1,33087
Hyundai,Santro,Hatchback,3.13,2021,9,1798,33087
Hyundai,Tucson,SUV,23,2021,9,139,33087
Hyundai,Venue,SUV,7,2021,9,7924,33087
Hyundai,Verna,Sedan,8,2021,9,879,33087
Hyundai,"Xcent, Aura",Sedan,6,2021,9,2862,33087
Jeep,Compass,SUV,17.79,2021,9,1311,1311
Jeep,Wrangler,SUV,56.33,2021,9,,1311
Kia,Carnival,Van,25.48,2021,9,404,14441
Kia,Seltos,SUV,9.95,2021,9,9583,14441
Kia,Sonet,SUV,9.95,2021,9,4454,14441
Mahindra,Alturas G4,SUV,28.85,2021,9,51,12863
Mahindra,Bolero,SUV,8.99,2021,9,1755,12863
Mahindra,KUV100,SUV,6.19,2021,9,42,12863
Mahindra,Marazzo,SUV,12.79,2021,9,70,12863
Mahindra,Scorpio,SUV,13.18,2021,9,2588,12863
Mahindra,Thar,SUV,13.17,2021,9,3134,12863
Mahindra,"Verito, Vibe",Sedan,10,2021,9,,12863
Mahindra,XUV300,SUV,8.16,2021,9,3693,12863
Mahindra,XUV500,SUV,13,2021,9,160,12863
Mahindra,XUV700,SUV,12.96,2021,9,1370,12863
Maruti Suzuki,Alto,Hatchback,3.25,2021,9,12143,59113
Maruti Suzuki,Baleno,Hatchback,6.03,2021,9,4077,59113
Maruti Suzuki,Celerio,Hatchback,5.14,2021,9,1,59113
Maruti Suzuki,Ciaz,Sedan,8.67,2021,9,981,59113
Maruti Suzuki,Dzire,Sedan,6.09,2021,9,2141,59113
Maruti Suzuki,Eeco,Van,4.53,2021,9,7844,59113
Maruti Suzuki,Ertiga,MUV,8.11,2021,9,11308,59113
Maruti Suzuki,Ignis,Hatchback,5.08,2021,9,522,59113
Maruti Suzuki,S-Cross,SUV,8.6,2021,9,1529,59113
Maruti Suzuki,S-Presso,SUV,3.85,2021,9,2793,59113
Maruti Suzuki,Swift,Hatchback,5.9,2021,9,2520,59113
Maruti Suzuki,Vitara Brezza,SUV,7.68,2021,9,1874,59113
Maruti Suzuki,WagonR,Hatchback,5.16,2021,9,7632,59113
Maruti Suzuki,XL6,MUV,10.01,2021,9,3748,59113
MG,Astor,SUV,9.98,2021,9,,3241
MG,Gloster,SUV,30.99,2021,9,292,3241
MG,Hector,SUV,13.95,2021,9,2722,3241
MG,ZS EV,SUV,21.49,2021,9,227,3241
Nissan,Kicks,SUV,9.5,2021,9,371,2701
Nissan,Magnite,SUV,5.77,2021,9,2330,2701
Renault,Duster,SUV,9.85,2021,9,275,7326
Renault,Kiger,SUV,5.79,2021,9,2312,7326
Renault,Kwid,Hatchback,4.24,2021,9,2710,7326
Renault,Triber,MUV,5.67,2021,9,2029,7326
Skoda,Karoq,SUV,24.99,2021,9,,3027
Skoda,Kodiaq,SUV,34.99,2021,9,,3027
Skoda,Kushaq,SUV,10.98,2021,9,2158,3027
Skoda,Octavia,Sedan,26.29,2021,9,186,3027
Skoda,Rapid,Sedan,11.99,2021,9,473,3027
Skoda,Superb,Sedan,32.85,2021,9,210,3027
Tata,Altroz,Hatchback,5.99,2021,9,5772,25729
Tata,Harrier,SUV,14.49,2021,9,2821,25729
Tata,Nexon,SUV,7.39,2021,9,9211,25729
Tata,Punch,SUV,5.56,2021,9,,25729
Tata,Safari,MUV,14.99,2021,9,1500,25729
Tata,Tiago,Hatchback,5.19,2021,9,5121,25729
Tata,Tigor,Hatchback,5.79,2021,9,1304,25729
Toyota,Camry,Sedan,41.7,2021,9,59,9284
Toyota,Fortuner,MUV,31.38,2021,9,1869,9284
Toyota,Glanza,Hatchback,7.69,2021,9,1764,9284
Toyota,Innova,MUV,17.3,2021,9,4724,9284
Toyota,Urban Cruiser,SUV,8.87,2021,9,816,9284
Toyota,Vellfire,Van,89.85,2021,9,52,9284
Toyota,Yaris,Sedan,9.29,2021,9,,9284
Volkswagen,Polo,Hatchback,6.49,2021,9,799,2563
Volkswagen,Taigun,SUV,11,2021,9,1461,2563
Volkswagen,Tiguan,SUV,11,2021,9,,2563
Volkswagen,T-Roc,SUV,21.35,2021,9,142,2563
Volkswagen,Vento,Sedan,10,2021,9,161,2563
Datsun,Go,Hatchback,4.03,2021,10,13,294
Datsun,Go Plus,MUV,4.26,2021,10,,294
Datsun,RediGo,Hatchback,3.98,2021,10,281,294
Honda,Amaze,Sedan,6.39,2021,10,3009,8108
Honda,City,Sedan,11.23,2021,10,3611,8108
Honda,Jazz,Hatchback,7.72,2021,10,760,8108
Honda,WRV,SUV,8.83,2021,10,728,8108
Hyundai,Alcazar,SUV,16.34,2021,10,1392,37021
Hyundai,Creta,SUV,10.22,2021,10,6455,37021
Hyundai,Elantra,Sedan,17.86,2021,10,11,37021
Hyundai,Grand i10,Hatchback,5,2021,10,6042,37021
Hyundai,i20,Hatchback,4.88,2021,10,4414,37021
Hyundai,Kona,Electric,23,2021,10,18,37021
Hyundai,Santro,Hatchback,3.13,2021,10,2877,37021
Hyundai,Tucson,SUV,23,2021,10,119,37021
Hyundai,Venue,SUV,7,2021,10,10554,37021
Hyundai,Verna,Sedan,8,2021,10,2438,37021
Hyundai,"Xcent, Aura",Sedan,6,2021,10,2701,37021
Jeep,Compass,SUV,17.79,2021,10,1324,1324
Jeep,Wrangler,SUV,56.33,2021,10,,1324
Kia,Carnival,Van,25.48,2021,10,400,16331
Kia,Seltos,SUV,9.95,2021,10,10488,16331
Kia,Sonet,SUV,9.95,2021,10,5443,16331
Mahindra,Alturas G4,SUV,28.85,2021,10,40,20034
Mahindra,Bolero,SUV,8.99,2021,10,6375,20034
Mahindra,KUV100,SUV,6.19,2021,10,1,20034
Mahindra,Marazzo,SUV,12.79,2021,10,12,20034
Mahindra,Scorpio,SUV,13.18,2021,10,3304,20034
Mahindra,Thar,SUV,13.17,2021,10,2692,20034
Mahindra,"Verito, Vibe",Sedan,10,2021,10,,20034
Mahindra,XUV300,SUV,8.16,2021,10,4203,20034
Mahindra,XUV500,SUV,13,2021,10,,20034
Mahindra,XUV700,SUV,12.96,2021,10,3407,20034
Maruti Suzuki,Alto,Hatchback,3.25,2021,10,17389,108991
Maruti Suzuki,Baleno,Hatchback,6.03,2021,10,15573,108991
Maruti Suzuki,Celerio,Hatchback,5.14,2021,10,1999,108991
Maruti Suzuki,Ciaz,Sedan,8.67,2021,10,1069,108991
Maruti Suzuki,Dzire,Sedan,6.09,2021,10,8077,108991
Maruti Suzuki,Eeco,Van,4.53,2021,10,10320,108991
Maruti Suzuki,Ertiga,MUV,8.11,2021,10,12923,108991
Maruti Suzuki,Ignis,Hatchback,5.08,2021,10,1526,108991
Maruti Suzuki,S-Cross,SUV,8.6,2021,10,1524,108991
Maruti Suzuki,S-Presso,SUV,3.85,2021,10,4442,108991
Maruti Suzuki,Swift,Hatchback,5.9,2021,10,9180,108991
Maruti Suzuki,Vitara Brezza,SUV,7.68,2021,10,8032,108991
Maruti Suzuki,WagonR,Hatchback,5.16,2021,10,12335,108991
Maruti Suzuki,XL6,MUV,10.01,2021,10,4602,108991
MG,Astor,SUV,9.98,2021,10,,2863
MG,Gloster,SUV,30.99,2021,10,260,2863
MG,Hector,SUV,13.95,2021,10,2478,2863
MG,ZS EV,SUV,21.49,2021,10,125,2863
Nissan,Kicks,SUV,9.5,2021,10,230,3619
Nissan,Magnite,SUV,5.77,2021,10,3389,3619
Renault,Duster,SUV,9.85,2021,10,786,8910
Renault,Kiger,SUV,5.79,2021,10,2643,8910
Renault,Kwid,Hatchback,4.24,2021,10,2723,8910
Renault,Triber,MUV,5.67,2021,10,2758,8910
Skoda,Karoq,SUV,24.99,2021,10,17,3065
Skoda,Kodiaq,SUV,34.99,2021,10,,3065
Skoda,Kushaq,SUV,10.98,2021,10,2413,3065
Skoda,Octavia,Sedan,26.29,2021,10,219,3065
Skoda,Rapid,Sedan,11.99,2021,10,165,3065
Skoda,Superb,Sedan,32.85,2021,10,251,3065
Tata,Altroz,Hatchback,5.99,2021,10,5128,33926
Tata,Harrier,SUV,14.49,2021,10,3097,33926
Tata,Nexon,SUV,7.39,2021,10,10096,33926
Tata,Punch,SUV,5.56,2021,10,8453,33926
Tata,Safari,MUV,14.99,2021,10,1735,33926
Tata,Tiago,Hatchback,5.19,2021,10,4040,33926
Tata,Tigor,Hatchback,5.79,2021,10,1377,33926
Toyota,Camry,Sedan,41.7,2021,10,72,12440
Toyota,Fortuner,MUV,31.38,2021,10,1893,12440
Toyota,Glanza,Hatchback,7.69,2021,10,2202,12440
Toyota,Innova,MUV,17.3,2021,10,6096,12440
Toyota,Urban Cruiser,SUV,8.87,2021,10,2100,12440
Toyota,Vellfire,Van,89.85,2021,10,77,12440
Toyota,Yaris,Sedan,9.29,2021,10,,12440
Volkswagen,Polo,Hatchback,6.49,2021,10,319,3077
Volkswagen,Taigun,SUV,11,2021,10,2551,3077
Volkswagen,Tiguan,SUV,11,2021,10,,3077
Volkswagen,T-Roc,SUV,21.35,2021,10,80,3077
Volkswagen,Vento,Sedan,10,2021,10,127,3077
Datsun,Go,Hatchback,4.03,2021,11,,259
Datsun,Go Plus,MUV,4.26,2021,11,,259
Datsun,RediGo,Hatchback,3.98,2021,11,259,259
Honda,Amaze,Sedan,6.39,2021,11,2344,5457
Honda,City,Sedan,11.23,2021,11,2666,5457
Honda,Jazz,Hatchback,7.72,2021,11,327,5457
Honda,WRV,SUV,8.83,2021,11,120,5457
Hyundai,Alcazar,SUV,16.34,2021,11,2453,37001
Hyundai,Creta,SUV,10.22,2021,11,10300,37001
Hyundai,Elantra,Sedan,17.86,2021,11,,37001
Hyundai,Grand i10,Hatchback,5,2021,11,5466,37001
Hyundai,i20,Hatchback,4.88,2021,11,4391,37001
Hyundai,Kona,Electric,23,2021,11,,37001
Hyundai,Santro,Hatchback,3.13,2021,11,2141,37001
Hyundai,Tucson,SUV,23,2021,11,108,37001
Hyundai,Venue,SUV,7,2021,11,7932,37001
Hyundai,Verna,Sedan,8,2021,11,1648,37001
Hyundai,"Xcent, Aura",Sedan,6,2021,11,2562,37001
Jeep,Compass,SUV,17.79,2021,11,1052,1052
Jeep,Wrangler,SUV,56.33,2021,11,,1052
Kia,Carnival,Van,25.48,2021,11,636,14214
Kia,Seltos,SUV,9.95,2021,11,8859,14214
Kia,Sonet,SUV,9.95,2021,11,4719,14214
Mahindra,Alturas G4,SUV,28.85,2021,11,80,19400
Mahindra,Bolero,SUV,8.99,2021,11,5442,19400
Mahindra,KUV100,SUV,6.19,2021,11,,19400
Mahindra,Marazzo,SUV,12.79,2021,11,99,19400
Mahindra,Scorpio,SUV,13.18,2021,11,3370,19400
Mahindra,Thar,SUV,13.17,2021,11,3181,19400
Mahindra,"Verito, Vibe",Sedan,10,2021,11,16,19400
Mahindra,XUV300,SUV,8.16,2021,11,4005,19400
Mahindra,XUV500,SUV,13,2021,11,,19400
Mahindra,XUV700,SUV,12.96,2021,11,3207,19400
Maruti Suzuki,Alto,Hatchback,3.25,2021,11,13812,109722
Maruti Suzuki,Baleno,Hatchback,6.03,2021,11,9931,109722
Maruti Suzuki,Celerio,Hatchback,5.14,2021,11,5968,109722
Maruti Suzuki,Ciaz,Sedan,8.67,2021,11,1089,109722
Maruti Suzuki,Dzire,Sedan,6.09,2021,11,8196,109722
Maruti Suzuki,Eeco,Van,4.53,2021,11,9571,109722
Maruti Suzuki,Ertiga,MUV,8.11,2021,11,8752,109722
Maruti Suzuki,Ignis,Hatchback,5.08,2021,11,1499,109722
Maruti Suzuki,S-Cross,SUV,8.6,2021,11,1782,109722
Maruti Suzuki,S-Presso,SUV,3.85,2021,11,3661,109722
Maruti Suzuki,Swift,Hatchback,5.9,2021,11,14568,109722
Maruti Suzuki,Vitara Brezza,SUV,7.68,2021,11,10760,109722
Maruti Suzuki,WagonR,Hatchback,5.16,2021,11,16853,109722
Maruti Suzuki,XL6,MUV,10.01,2021,11,3280,109722
MG,Astor,SUV,9.98,2021,11,1018,2481
MG,Gloster,SUV,30.99,2021,11,102,2481
MG,Hector,SUV,13.95,2021,11,1210,2481
MG,ZS EV,SUV,21.49,2021,11,151,2481
Nissan,Kicks,SUV,9.5,2021,11,100,2392
Nissan,Magnite,SUV,5.77,2021,11,2292,2392
Renault,Duster,SUV,9.85,2021,11,221,5052
Renault,Kiger,SUV,5.79,2021,11,2062,5052
Renault,Kwid,Hatchback,4.24,2021,11,926,5052
Renault,Triber,MUV,5.67,2021,11,1843,5052
Skoda,Karoq,SUV,24.99,2021,11,,2196
Skoda,Kodiaq,SUV,34.99,2021,11,,2196
Skoda,Kushaq,SUV,10.98,2021,11,1876,2196
Skoda,Octavia,Sedan,26.29,2021,11,194,2196
Skoda,Rapid,Sedan,11.99,2021,11,22,2196
Skoda,Superb,Sedan,32.85,2021,11,104,2196
Tata,Altroz,Hatchback,5.99,2021,11,3025,29780
Tata,Harrier,SUV,14.49,2021,11,2607,29780
Tata,Nexon,SUV,7.39,2021,11,9831,29780
Tata,Punch,SUV,5.56,2021,11,6110,29780
Tata,Safari,MUV,14.99,2021,11,1424,29780
Tata,Tiago,Hatchback,5.19,2021,11,4998,29780
Tata,Tigor,Hatchback,5.79,2021,11,1785,29780
Toyota,Camry,Sedan,41.7,2021,11,51,13002
Toyota,Fortuner,MUV,31.38,2021,11,1844,13002
Toyota,Glanza,Hatchback,7.69,2021,11,1904,13002
Toyota,Innova,MUV,17.3,2021,11,6300,13002
Toyota,Urban Cruiser,SUV,8.87,2021,11,2850,13002
Toyota,Vellfire,Van,89.85,2021,11,53,13002
Toyota,Yaris,Sedan,9.29,2021,11,,13002
Volkswagen,Polo,Hatchback,6.49,2021,11,197,3154
Volkswagen,Taigun,SUV,11,2021,11,2849,3154
Volkswagen,Tiguan,SUV,11,2021,11,,3154
Volkswagen,T-Roc,SUV,21.35,2021,11,1,3154
Volkswagen,Vento,Sedan,10,2021,11,107,3154
Datsun,Go,Hatchback,4.03,2021,12,,227
Datsun,Go Plus,MUV,4.26,2021,12,,227
Datsun,RediGo,Hatchback,3.98,2021,12,227,227
Honda,Amaze,Sedan,6.39,2021,12,3659,7973
Honda,City,Sedan,11.23,2021,12,3743,7973
Honda,Jazz,Hatchback,7.72,2021,12,486,7973
Honda,WRV,SUV,8.83,2021,12,85,7973
Hyundai,Alcazar,SUV,16.34,2021,12,1002,32312
Hyundai,Creta,SUV,10.22,2021,12,7609,32312
Hyundai,Elantra,Sedan,17.86,2021,12,,32312
Hyundai,Grand i10,Hatchback,5,2021,12,6151,32312
Hyundai,i20,Hatchback,4.88,2021,12,3150,32312
Hyundai,Kona,Electric,23,2021,12,10,32312
Hyundai,Santro,Hatchback,3.13,2021,12,1298,32312
Hyundai,Tucson,SUV,23,2021,12,35,32312
Hyundai,Venue,SUV,7,2021,12,10360,32312
Hyundai,Verna,Sedan,8,2021,12,982,32312
Hyundai,"Xcent, Aura",Sedan,6,2021,12,1715,32312
Jeep,Compass,SUV,17.79,2021,12,916,916
Jeep,Wrangler,SUV,56.33,2021,12,,916
Kia,Carnival,Van,25.48,2021,12,207,7797
Kia,Seltos,SUV,9.95,2021,12,4012,7797
Kia,Sonet,SUV,9.95,2021,12,3578,7797
Mahindra,Alturas G4,SUV,28.85,2021,12,18,17476
Mahindra,Bolero,SUV,8.99,2021,12,5314,17476
Mahindra,KUV100,SUV,6.19,2021,12,,17476
Mahindra,Marazzo,SUV,12.79,2021,12,2,17476
Mahindra,Scorpio,SUV,13.18,2021,12,1757,17476
Mahindra,Thar,SUV,13.17,2021,12,2138,17476
Mahindra,"Verito, Vibe",Sedan,10,2021,12,7,17476
Mahindra,XUV300,SUV,8.16,2021,12,4260,17476
Mahindra,XUV500,SUV,13,2021,12,,17476
Mahindra,XUV700,SUV,12.96,2021,12,3980,17476
Maruti Suzuki,Alto,Hatchback,3.25,2021,12,11170,123016
Maruti Suzuki,Baleno,Hatchback,6.03,2021,12,14458,123016
Maruti Suzuki,Celerio,Hatchback,5.14,2021,12,5656,123016
Maruti Suzuki,Ciaz,Sedan,8.67,2021,12,1204,123016
Maruti Suzuki,Dzire,Sedan,6.09,2021,12,10633,123016
Maruti Suzuki,Eeco,Van,4.53,2021,12,9165,123016
Maruti Suzuki,Ertiga,MUV,8.11,2021,12,11840,123016
Maruti Suzuki,Ignis,Hatchback,5.08,2021,12,3209,123016
Maruti Suzuki,S-Cross,SUV,8.6,2021,12,1521,123016
Maruti Suzuki,S-Presso,SUV,3.85,2021,12,5150,123016
Maruti Suzuki,Swift,Hatchback,5.9,2021,12,15661,123016
Maruti Suzuki,Vitara Brezza,SUV,7.68,2021,12,9531,123016
Maruti Suzuki,WagonR,Hatchback,5.16,2021,12,19728,123016
Maruti Suzuki,XL6,MUV,10.01,2021,12,4090,123016
MG,Astor,SUV,9.98,2021,12,1125,2550
MG,Gloster,SUV,30.99,2021,12,108,2550
MG,Hector,SUV,13.95,2021,12,1215,2550
MG,ZS EV,SUV,21.49,2021,12,102,2550
Nissan,Kicks,SUV,9.5,2021,12,130,2783
Nissan,Magnite,SUV,5.77,2021,12,2653,2783
Renault,Duster,SUV,9.85,2021,12,56,6130
Renault,Kiger,SUV,5.79,2021,12,2117,6130
Renault,Kwid,Hatchback,4.24,2021,12,1056,6130
Renault,Triber,MUV,5.67,2021,12,2901,6130
Skoda,Karoq,SUV,24.99,2021,12,,3233
Skoda,Kodiaq,SUV,34.99,2021,12,55,3233
Skoda,Kushaq,SUV,10.98,2021,12,2840,3233
Skoda,Octavia,Sedan,26.29,2021,12,164,3233
Skoda,Rapid,Sedan,11.99,2021,12,158,3233
Skoda,Superb,Sedan,32.85,2021,12,16,3233
Tata,Altroz,Hatchback,5.99,2021,12,5009,35300
Tata,Harrier,SUV,14.49,2021,12,2234,35300
Tata,Nexon,SUV,7.39,2021,12,12899,35300
Tata,Punch,SUV,5.56,2021,12,8008,35300
Tata,Safari,MUV,14.99,2021,12,1481,35300
Tata,Tiago,Hatchback,5.19,2021,12,3675,35300
Tata,Tigor,Hatchback,5.79,2021,12,1994,35300
Toyota,Camry,Sedan,41.7,2021,12,1,10833
Toyota,Fortuner,MUV,31.38,2021,12,1827,10833
Toyota,Glanza,Hatchback,7.69,2021,12,2634,10833
Toyota,Innova,MUV,17.3,2021,12,3989,10833
Toyota,Urban Cruiser,SUV,8.87,2021,12,2359,10833
Toyota,Vellfire,Van,89.85,2021,12,23,10833
Toyota,Yaris,Sedan,9.29,2021,12,,10833
Volkswagen,Polo,Hatchback,6.49,2021,12,762,3700
Volkswagen,Taigun,SUV,11,2021,12,2828,3700
Volkswagen,Tiguan,SUV,11,2021,12,40,3700
Volkswagen,T-Roc,SUV,21.35,2021,12,,3700
Volkswagen,Vento,Sedan,10,2021,12,70,3700
